<?xml version="1.0"?>
<!DOCTYPE pathway SYSTEM "https://www.kegg.jp/kegg/xml/KGML_v0.7.2_.dtd">
<!-- Creation date: May 18, 2023 11:39:31 +0900 (GMT+9) -->
<pathway name="path:mmu04217" org="mmu" number="04217"
         title="Necroptosis"
         image="https://www.kegg.jp/kegg/pathway/mmu/mmu04217.png"
         link="https://www.kegg.jp/kegg-bin/show_pathway?mmu04217">
    <entry id="26" name="path:mmu04217" type="map"
        link="https://www.kegg.jp/dbget-bin/www_bget?mmu04217">
        <graphics name="TITLE:Necroptosis" fgcolor="#000000" bgcolor="#FFFFFF"
             type="roundrectangle" x="95" y="58" width="109" height="25"/>
    </entry>
    <entry id="27" name="mmu:21926" type="gene"
        link="https://www.kegg.jp/dbget-bin/www_bget?mmu:21926">
        <graphics name="Tnf, DIF, TNF-a, TNF-alpha, TNFSF2, TNFalpha, Tnfa, Tnfsf1a, Tnlg1f" fgcolor="#000000" bgcolor="#BFFFBF"
             type="rectangle" x="68" y="207" width="46" height="17"/>
    </entry>
    <entry id="28" name="mmu:21937" type="gene"
        link="https://www.kegg.jp/dbget-bin/www_bget?mmu:21937">
        <graphics name="Tnfrsf1a, CD120a, FPF, TNF-R, TNF-R-I, TNF-R1, TNF-R55, TNF-alphaR1, TNFAR, TNFR60, TNFRI, TNFRp55, TNFalpha-R1, Tnfr-2, Tnfr1, p55, p55-R" fgcolor="#000000" bgcolor="#BFFFBF"
             type="rectangle" x="159" y="207" width="46" height="17"/>
    </entry>
    <entry id="29" name="mmu:71609" type="gene"
        link="https://www.kegg.jp/dbget-bin/www_bget?mmu:71609">
        <graphics name="Tradd, 9130005N23Rik" fgcolor="#000000" bgcolor="#BFFFBF"
             type="rectangle" x="243" y="208" width="46" height="17"/>
    </entry>
    <entry id="30" name="mmu:22030 mmu:22033" type="gene"
        link="https://www.kegg.jp/dbget-bin/www_bget?mmu:22030+mmu:22033">
        <graphics name="Traf2..." fgcolor="#000000" bgcolor="#BFFFBF"
             type="rectangle" x="257" y="191" width="46" height="17"/>
    </entry>
    <entry id="31" name="mmu:74568" type="gene"
        link="https://www.kegg.jp/dbget-bin/www_bget?mmu:74568">
        <graphics name="Mlkl, 9130019I15Rik" fgcolor="#000000" bgcolor="#BFFFBF"
             type="rectangle" x="725" y="720" width="46" height="17"/>
    </entry>
    <entry id="32" name="mmu:21898" type="gene"
        link="https://www.kegg.jp/dbget-bin/www_bget?mmu:21898">
        <graphics name="Tlr4, Lps, Ly87, Ran/M1, Rasl2-8" fgcolor="#000000" bgcolor="#BFFFBF"
             type="rectangle" x="159" y="410" width="46" height="17"/>
    </entry>
    <entry id="33" name="mmu:15975 mmu:15976 mmu:15979 mmu:15980" type="gene"
        link="https://www.kegg.jp/dbget-bin/www_bget?mmu:15975+mmu:15976+mmu:15979+mmu:15980">
        <graphics name="Ifnar1, Ifar, Ifnar, Ifrc, Infar..." fgcolor="#000000" bgcolor="#BFFFBF"
             type="rectangle" x="159" y="363" width="46" height="17"/>
    </entry>
    <entry id="34" name="mmu:15962 mmu:15964 mmu:15965 mmu:15967 mmu:15968 mmu:15969 mmu:15970 mmu:15972 mmu:15974 mmu:15977 mmu:15978 mmu:230396 mmu:230398 mmu:242517 mmu:242519 mmu:404549" type="gene"
        link="https://www.kegg.jp/dbget-bin/www_bget?mmu:15962+mmu:15964+mmu:15965+mmu:15967+mmu:15968+mmu:15969+mmu:15970+mmu:15972+mmu:15974+mmu:15977+mmu:15978+mmu:230396+mmu:230398+mmu:242517+mmu:242519+mmu:404549">
        <graphics name="Ifna1, If1ai14, Ifa1..." fgcolor="#000000" bgcolor="#BFFFBF"
             type="rectangle" x="68" y="363" width="46" height="17"/>
    </entry>
    <entry id="35" name="mmu:16451 mmu:16452 mmu:16453 mmu:54721" type="gene"
        link="https://www.kegg.jp/dbget-bin/www_bget?mmu:16451+mmu:16452+mmu:16453+mmu:54721">
        <graphics name="Jak1, BAP004, C130039L05Rik..." fgcolor="#000000" bgcolor="#BFFFBF"
             type="rectangle" x="257" y="363" width="46" height="17"/>
    </entry>
    <entry id="37" name="mmu:21933" type="gene"
        link="https://www.kegg.jp/dbget-bin/www_bget?mmu:21933">
        <graphics name="Tnfrsf10b, DR5, KILLER, Ly98, MK, TRAILR2, TRICK2A, TRICK2B, TRICKB" fgcolor="#000000" bgcolor="#BFFFBF"
             type="rectangle" x="159" y="263" width="46" height="17"/>
    </entry>
    <entry id="38" name="mmu:22035" type="gene"
        link="https://www.kegg.jp/dbget-bin/www_bget?mmu:22035">
        <graphics name="Tnfsf10, A330042I21Rik, APO-2L, Ly81, TL2, Tnlg6a, Trail" fgcolor="#000000" bgcolor="#BFFFBF"
             type="rectangle" x="68" y="263" width="46" height="17"/>
    </entry>
    <entry id="39" name="mmu:14102" type="gene"
        link="https://www.kegg.jp/dbget-bin/www_bget?mmu:14102">
        <graphics name="Fas, APO1, APT1, CD95, TNFR6, Tnfrsf6, lpr" fgcolor="#000000" bgcolor="#BFFFBF"
             type="rectangle" x="159" y="307" width="46" height="17"/>
    </entry>
    <entry id="40" name="mmu:14103" type="gene"
        link="https://www.kegg.jp/dbget-bin/www_bget?mmu:14103">
        <graphics name="Fasl, APT1LG1, CD178, CD95-L, CD95L, Fas-L, Faslg, Tnfsf6, Tnlg1a, gld" fgcolor="#000000" bgcolor="#BFFFBF"
             type="rectangle" x="68" y="307" width="46" height="17"/>
    </entry>
    <entry id="47" name="mmu:11796 mmu:11797 mmu:11798" type="gene"
        link="https://www.kegg.jp/dbget-bin/www_bget?mmu:11796+mmu:11797+mmu:11798">
        <graphics name="Birc3, Api1, Api2, Birc2, C-IAP2, HIAP2, IAP1, IAP2, MIAP1, MIAP2, MIHB, MIHC, RNF49, cIAP-1, cIAP-2, cIAP1, cIAP2..." fgcolor="#000000" bgcolor="#BFFFBF"
             type="rectangle" x="351" y="183" width="46" height="17"/>
    </entry>
    <entry id="48" name="mmu:12370" type="gene"
        link="https://www.kegg.jp/dbget-bin/www_bget?mmu:12370">
        <graphics name="Casp8, CASP-8, FLICE, MACH, Mch5" fgcolor="#000000" bgcolor="#BFFFBF"
             type="rectangle" x="652" y="271" width="46" height="17"/>
    </entry>
    <entry id="49" name="mmu:12633" type="gene"
        link="https://www.kegg.jp/dbget-bin/www_bget?mmu:12633">
        <graphics name="Cflar, 2310024N18Rik, A430105C05Rik, CLARP, Cash, Casper, FLAME, FLAME-1, Flip, Gm9845, I-FLICE, MRIT, c-Flip" fgcolor="#000000" bgcolor="#BFFFBF"
             type="rectangle" x="718" y="271" width="46" height="17"/>
    </entry>
    <entry id="50" name="mmu:74568" type="gene"
        link="https://www.kegg.jp/dbget-bin/www_bget?mmu:74568">
        <graphics name="Mlkl, 9130019I15Rik" fgcolor="#000000" bgcolor="#BFFFBF"
             type="rectangle" x="845" y="526" width="46" height="17"/>
    </entry>
    <entry id="52" name="mmu:74256" type="gene"
        link="https://www.kegg.jp/dbget-bin/www_bget?mmu:74256">
        <graphics name="Cyld, 2010013M14Rik, 2900009M21Rik, C130039D01Rik, CDMT, CYLD1, EAC, mKIAA0849" fgcolor="#000000" bgcolor="#BFFFBF"
             type="rectangle" x="586" y="271" width="46" height="17"/>
    </entry>
    <entry id="53" name="mmu:58800" type="gene"
        link="https://www.kegg.jp/dbget-bin/www_bget?mmu:58800">
        <graphics name="Trpm7, 2310022G15Rik, 4833414K03Rik, 5033407O22Rik, CHAK, CHAK1, LTrpC-7, Ltpr7, Ltrpc7, TRPPLIK" fgcolor="#000000" bgcolor="#BFFFBF"
             type="rectangle" x="785" y="720" width="46" height="17"/>
    </entry>
    <entry id="54" name="cpd:C00076" type="compound"
        link="https://www.kegg.jp/dbget-bin/www_bget?C00076">
        <graphics name="C00076" fgcolor="#000000" bgcolor="#FFFFFF"
             type="circle" x="784" y="768" width="8" height="8"/>
    </entry>
    <entry id="55" name="cpd:C00305" type="compound"
        link="https://www.kegg.jp/dbget-bin/www_bget?C00305">
        <graphics name="C00305" fgcolor="#000000" bgcolor="#FFFFFF"
             type="circle" x="725" y="768" width="8" height="8"/>
    </entry>
    <entry id="56" name="mmu:142980" type="gene"
        link="https://www.kegg.jp/dbget-bin/www_bget?mmu:142980">
        <graphics name="Tlr3" fgcolor="#000000" bgcolor="#BFFFBF"
             type="rectangle" x="351" y="454" width="46" height="17"/>
    </entry>
    <entry id="59" name="mmu:19766" type="gene"
        link="https://www.kegg.jp/dbget-bin/www_bget?mmu:19766">
        <graphics name="Ripk1, D330015H01Rik, RIP, RIP-1, Rinp, Rip1" fgcolor="#000000" bgcolor="#BFFFBF"
             type="rectangle" x="257" y="225" width="46" height="17"/>
    </entry>
    <entry id="62" name="mmu:14082" type="gene"
        link="https://www.kegg.jp/dbget-bin/www_bget?mmu:14082">
        <graphics name="Fadd, Mort1/FADD" fgcolor="#000000" bgcolor="#BFFFBF"
             type="rectangle" x="652" y="254" width="46" height="17"/>
    </entry>
    <entry id="63" name="mmu:21929" type="gene"
        link="https://www.kegg.jp/dbget-bin/www_bget?mmu:21929">
        <graphics name="Tnfaip3, A20, Tnfip3" fgcolor="#000000" bgcolor="#BFFFBF"
             type="rectangle" x="687" y="380" width="46" height="17"/>
    </entry>
    <entry id="67" name="mmu:14082" type="gene"
        link="https://www.kegg.jp/dbget-bin/www_bget?mmu:14082">
        <graphics name="Fadd, Mort1/FADD" fgcolor="#000000" bgcolor="#BFFFBF"
             type="rectangle" x="257" y="307" width="46" height="17"/>
    </entry>
    <entry id="69" name="mmu:19766" type="gene"
        link="https://www.kegg.jp/dbget-bin/www_bget?mmu:19766">
        <graphics name="Ripk1, D330015H01Rik, RIP, RIP-1, Rinp, Rip1" fgcolor="#000000" bgcolor="#BFFFBF"
             type="rectangle" x="350" y="307" width="46" height="17"/>
    </entry>
    <entry id="74" name="mmu:19766" type="gene"
        link="https://www.kegg.jp/dbget-bin/www_bget?mmu:19766">
        <graphics name="Ripk1, D330015H01Rik, RIP, RIP-1, Rinp, Rip1" fgcolor="#000000" bgcolor="#BFFFBF"
             type="rectangle" x="257" y="263" width="46" height="17"/>
    </entry>
    <entry id="76" name="mmu:19106" type="gene"
        link="https://www.kegg.jp/dbget-bin/www_bget?mmu:19106">
        <graphics name="Eif2ak2, 2310047A08Rik, 4732414G15Rik, Pkr, Prkr, Tik" fgcolor="#000000" bgcolor="#BFFFBF"
             type="rectangle" x="459" y="364" width="46" height="17"/>
    </entry>
    <entry id="79" name="mmu:56532" type="gene"
        link="https://www.kegg.jp/dbget-bin/www_bget?mmu:56532">
        <graphics name="Ripk3, 2610528K09Rik, Rip3" fgcolor="#000000" bgcolor="#BFFFBF"
             type="rectangle" x="718" y="330" width="46" height="17"/>
    </entry>
    <entry id="80" name="mmu:19766" type="gene"
        link="https://www.kegg.jp/dbget-bin/www_bget?mmu:19766">
        <graphics name="Ripk1, D330015H01Rik, RIP, RIP-1, Rinp, Rip1" fgcolor="#000000" bgcolor="#BFFFBF"
             type="rectangle" x="586" y="330" width="46" height="17"/>
    </entry>
    <entry id="82" name="mmu:106759" type="gene"
        link="https://www.kegg.jp/dbget-bin/www_bget?mmu:106759">
        <graphics name="Ticam1, TICAM-1, TRIF" fgcolor="#000000" bgcolor="#BFFFBF"
             type="rectangle" x="351" y="410" width="46" height="17"/>
    </entry>
    <entry id="83" name="mmu:106025 mmu:24105 mmu:268749" type="gene"
        link="https://www.kegg.jp/dbget-bin/www_bget?mmu:106025+mmu:24105+mmu:268749">
        <graphics name="Sharpin, 0610041B22Rik, RBCKL1, SIPL1, cpdm..." fgcolor="#000000" bgcolor="#BFFFBF"
             type="rectangle" x="351" y="200" width="46" height="17"/>
    </entry>
    <entry id="84" name="mmu:225471" type="gene"
        link="https://www.kegg.jp/dbget-bin/www_bget?mmu:225471">
        <graphics name="Ticam2, B430113A10, TICAM-2, TRAM, Tirp, Trif" fgcolor="#000000" bgcolor="#BFFFBF"
             type="rectangle" x="257" y="410" width="46" height="17"/>
    </entry>
    <entry id="86" name="mmu:19766" type="gene"
        link="https://www.kegg.jp/dbget-bin/www_bget?mmu:19766">
        <graphics name="Ripk1, D330015H01Rik, RIP, RIP-1, Rinp, Rip1" fgcolor="#000000" bgcolor="#BFFFBF"
             type="rectangle" x="459" y="330" width="46" height="17"/>
    </entry>
    <entry id="88" name="mmu:16391" type="gene"
        link="https://www.kegg.jp/dbget-bin/www_bget?mmu:16391">
        <graphics name="Irf9, Irf-9, Isgf3g, p48" fgcolor="#000000" bgcolor="#BFFFBF"
             type="rectangle" x="351" y="341" width="46" height="17"/>
    </entry>
    <entry id="89" name="mmu:20846 mmu:20847 mmu:20848 mmu:20849 mmu:20850 mmu:20851 mmu:20852" type="gene"
        link="https://www.kegg.jp/dbget-bin/www_bget?mmu:20846+mmu:20847+mmu:20848+mmu:20849+mmu:20850+mmu:20851+mmu:20852">
        <graphics name="Stat1, 2010005J02Rik..." fgcolor="#000000" bgcolor="#BFFFBF"
             type="rectangle" x="351" y="363" width="46" height="17"/>
    </entry>
    <entry id="90" name="mmu:77125" type="gene"
        link="https://www.kegg.jp/dbget-bin/www_bget?mmu:77125">
        <graphics name="Il33, 9230117N10Rik, Il-33, Il1f11, NF-HEV" fgcolor="#000000" bgcolor="#BFFFBF"
             type="rectangle" x="956" y="790" width="46" height="17"/>
    </entry>
    <entry id="91" name="mmu:16175" type="gene"
        link="https://www.kegg.jp/dbget-bin/www_bget?mmu:16175">
        <graphics name="Il1a, Il-1a" fgcolor="#000000" bgcolor="#BFFFBF"
             type="rectangle" x="956" y="768" width="46" height="17"/>
    </entry>
    <entry id="92" name="mmu:102641752 mmu:15289 mmu:385454" type="gene"
        link="https://www.kegg.jp/dbget-bin/www_bget?mmu:102641752+mmu:15289+mmu:385454">
        <graphics name="Gm38574..." fgcolor="#000000" bgcolor="#BFFFBF"
             type="rectangle" x="1006" y="790" width="46" height="17"/>
    </entry>
    <entry id="93" name="cpd:C00002" type="compound"
        link="https://www.kegg.jp/dbget-bin/www_bget?C00002">
        <graphics name="C00002" fgcolor="#000000" bgcolor="#FFFFFF"
             type="circle" x="991" y="762" width="8" height="8"/>
    </entry>
    <entry id="95" name="mmu:15516 mmu:15519" type="gene"
        link="https://www.kegg.jp/dbget-bin/www_bget?mmu:15516+mmu:15519">
        <graphics name="Hsp90ab1, 90kDa, Hsp84, Hsp84-1, Hsp90, Hspcb..." fgcolor="#000000" bgcolor="#BFFFBF"
             type="rectangle" x="637" y="380" width="46" height="17"/>
    </entry>
    <entry id="101" name="mmu:58203" type="gene"
        link="https://www.kegg.jp/dbget-bin/www_bget?mmu:58203">
        <graphics name="Zbp1, 2010010H03Rik, Dai, Dlm1, mZaDLM" fgcolor="#000000" bgcolor="#BFFFBF"
             type="rectangle" x="668" y="449" width="46" height="17"/>
    </entry>
    <entry id="103" name="path:mmu04668" type="map"
        link="https://www.kegg.jp/dbget-bin/www_bget?mmu04668">
        <graphics name="TNF signaling pathway" fgcolor="#000000" bgcolor="#FFFFFF"
             type="roundrectangle" x="296" y="158" width="129" height="20"/>
    </entry>
    <entry id="105" name="mmu:263876 mmu:78779" type="gene"
        link="https://www.kegg.jp/dbget-bin/www_bget?mmu:263876+mmu:78779">
        <graphics name="Spata2, mKIAA0757..." fgcolor="#000000" bgcolor="#BFFFBF"
             type="rectangle" x="449" y="201" width="46" height="17"/>
    </entry>
    <entry id="112" name="mmu:30941" type="gene"
        link="https://www.kegg.jp/dbget-bin/www_bget?mmu:30941">
        <graphics name="Usp21, ESTM28, Usp16, Usp23" fgcolor="#000000" bgcolor="#BFFFBF"
             type="rectangle" x="539" y="380" width="46" height="17"/>
    </entry>
    <entry id="122" name="mmu:110078 mmu:110095 mmu:19309" type="gene"
        link="https://www.kegg.jp/dbget-bin/www_bget?mmu:110078+mmu:110095+mmu:19309">
        <graphics name="Pygb..." fgcolor="#000000" bgcolor="#BFFFBF"
             type="rectangle" x="845" y="330" width="46" height="17"/>
    </entry>
    <entry id="123" name="mmu:14645" type="gene"
        link="https://www.kegg.jp/dbget-bin/www_bget?mmu:14645">
        <graphics name="Glul, GS, Glns" fgcolor="#000000" bgcolor="#BFFFBF"
             type="rectangle" x="845" y="291" width="46" height="17"/>
    </entry>
    <entry id="124" name="mmu:14661" type="gene"
        link="https://www.kegg.jp/dbget-bin/www_bget?mmu:14661">
        <graphics name="Glud1, Gdh-X, Glud, Gludl" fgcolor="#000000" bgcolor="#BFFFBF"
             type="rectangle" x="930" y="252" width="46" height="17"/>
    </entry>
    <entry id="126" name="cpd:C00027 cpd:C16844" type="compound"
        link="https://www.kegg.jp/dbget-bin/www_bget?C00027+C16844">
        <graphics name="C00027..." fgcolor="#000000" bgcolor="#FFFFFF"
             type="circle" x="1146" y="373" width="8" height="8"/>
    </entry>
    <entry id="128" name="mmu:11739 mmu:11740 mmu:73333" type="gene"
        link="https://www.kegg.jp/dbget-bin/www_bget?mmu:11739+mmu:11740+mmu:73333">
        <graphics name="Slc25a4, Ant1, mANC1..." fgcolor="#000000" bgcolor="#BFFFBF"
             type="rectangle" x="992" y="169" width="46" height="17"/>
    </entry>
    <entry id="129" name="cpd:C00002" type="compound"
        link="https://www.kegg.jp/dbget-bin/www_bget?C00002">
        <graphics name="C00002" fgcolor="#000000" bgcolor="#FFFFFF"
             type="circle" x="1099" y="228" width="8" height="8"/>
    </entry>
    <entry id="134" name="mmu:20597" type="gene"
        link="https://www.kegg.jp/dbget-bin/www_bget?mmu:20597">
        <graphics name="Smpd1, A-SMase, ASM, Zn-SMase, aSMase" fgcolor="#000000" bgcolor="#BFFFBF"
             type="rectangle" x="872" y="464" width="46" height="17"/>
    </entry>
    <entry id="137" name="cpd:C00195" type="compound"
        link="https://www.kegg.jp/dbget-bin/www_bget?C00195">
        <graphics name="C00195" fgcolor="#000000" bgcolor="#FFFFFF"
             type="circle" x="986" y="476" width="8" height="8"/>
    </entry>
    <entry id="138" name="cpd:C00319" type="compound"
        link="https://www.kegg.jp/dbget-bin/www_bget?C00319">
        <graphics name="C00319" fgcolor="#000000" bgcolor="#FFFFFF"
             type="circle" x="1099" y="476" width="8" height="8"/>
    </entry>
    <entry id="140" name="mmu:72542" type="gene"
        link="https://www.kegg.jp/dbget-bin/www_bget?mmu:72542">
        <graphics name="Pgam5, 2610528A17Rik" fgcolor="#000000" bgcolor="#BFFFBF"
             type="rectangle" x="985" y="526" width="46" height="17"/>
    </entry>
    <entry id="141" name="mmu:74006" type="gene"
        link="https://www.kegg.jp/dbget-bin/www_bget?mmu:74006">
        <graphics name="Dnm1l, 6330417M19Rik, Dlp1, Dnmlp1, Drp1, python" fgcolor="#000000" bgcolor="#BFFFBF"
             type="rectangle" x="1101" y="526" width="46" height="17"/>
    </entry>
    <entry id="143" name="mmu:216799" type="gene"
        link="https://www.kegg.jp/dbget-bin/www_bget?mmu:216799">
        <graphics name="Nlrp3, AGTAVPRL, AII/AVP, Cias1, FCAS, FCU, MWS, Mmig1, NALP3, Pypaf1" fgcolor="#000000" bgcolor="#BFFFBF"
             type="rectangle" x="985" y="581" width="46" height="17"/>
    </entry>
    <entry id="145" name="mmu:16176" type="gene"
        link="https://www.kegg.jp/dbget-bin/www_bget?mmu:16176">
        <graphics name="Il1b, IL-1beta, Il-1b" fgcolor="#000000" bgcolor="#BFFFBF"
             type="rectangle" x="1101" y="615" width="46" height="17"/>
    </entry>
    <entry id="146" name="mmu:66824" type="gene"
        link="https://www.kegg.jp/dbget-bin/www_bget?mmu:66824">
        <graphics name="Pycard, 9130417A21Rik, Asc, CARD5, TMS-1, TNS1, masc" fgcolor="#000000" bgcolor="#BFFFBF"
             type="rectangle" x="985" y="598" width="46" height="17"/>
    </entry>
    <entry id="147" name="mmu:12362" type="gene"
        link="https://www.kegg.jp/dbget-bin/www_bget?mmu:12362">
        <graphics name="Casp1, ICE, Il1bc" fgcolor="#000000" bgcolor="#BFFFBF"
             type="rectangle" x="985" y="615" width="46" height="17"/>
    </entry>
    <entry id="150" name="mmu:26414 mmu:26419 mmu:26420" type="gene"
        link="https://www.kegg.jp/dbget-bin/www_bget?mmu:26414+mmu:26419+mmu:26420">
        <graphics name="Mapk10, C230008H04Rik, JNK3, JNK3B1, JNK3B2, SAPK(beta), Serk2, p493F12, p54bSAPK..." fgcolor="#000000" bgcolor="#BFFFBF"
             type="rectangle" x="845" y="373" width="46" height="17"/>
    </entry>
    <entry id="151" name="mmu:14319 mmu:14325 mmu:434624" type="gene"
        link="https://www.kegg.jp/dbget-bin/www_bget?mmu:14319+mmu:14325+mmu:434624">
        <graphics name="Fth1, FHC, Fth, HFt, MFH..." fgcolor="#000000" bgcolor="#BFFFBF"
             type="rectangle" x="985" y="373" width="46" height="17"/>
    </entry>
    <entry id="154" name="cpd:C00076" type="compound"
        link="https://www.kegg.jp/dbget-bin/www_bget?C00076">
        <graphics name="C00076" fgcolor="#000000" bgcolor="#FFFFFF"
             type="circle" x="845" y="421" width="8" height="8"/>
    </entry>
    <entry id="156" name="mmu:12333 mmu:12334" type="gene"
        link="https://www.kegg.jp/dbget-bin/www_bget?mmu:12333+mmu:12334">
        <graphics name="Capn1, Capa-1, Capa1, mu-calpin..." fgcolor="#000000" bgcolor="#BFFFBF"
             type="rectangle" x="985" y="436" width="46" height="17"/>
    </entry>
    <entry id="158" name="mmu:15516 mmu:15519" type="gene"
        link="https://www.kegg.jp/dbget-bin/www_bget?mmu:15516+mmu:15519">
        <graphics name="Hsp90ab1, 90kDa, Hsp84, Hsp84-1, Hsp90, Hspcb..." fgcolor="#000000" bgcolor="#BFFFBF"
             type="rectangle" x="752" y="524" width="46" height="17"/>
    </entry>
    <entry id="162" name="mmu:12122" type="gene"
        link="https://www.kegg.jp/dbget-bin/www_bget?mmu:12122">
        <graphics name="Bid, 2700049M22Rik" fgcolor="#000000" bgcolor="#BFFFBF"
             type="rectangle" x="510" y="560" width="46" height="17"/>
    </entry>
    <entry id="163" name="mmu:100039319 mmu:100042840 mmu:100042922 mmu:100042927 mmu:100042929 mmu:100042931 mmu:100042939 mmu:100042943 mmu:100042944 mmu:100042946 mmu:15267 mmu:15270 mmu:232440 mmu:236663 mmu:26914 mmu:319162 mmu:319163 mmu:319164 mmu:319165 mmu:319166 mmu:319167 mmu:319168 mmu:319169 mmu:319170 mmu:319171 mmu:319172 mmu:319173 mmu:319176 mmu:319191 mmu:319192 mmu:333452 mmu:385317 mmu:385328 mmu:404634 mmu:51788 mmu:547154 mmu:547160 mmu:547210 mmu:621893 mmu:624153 mmu:624957 mmu:665433 mmu:68231 mmu:76383 mmu:77605" type="gene"
        link="https://www.kegg.jp/dbget-bin/www_bget?mmu:100039319+mmu:100042840+mmu:100042922+mmu:100042927+mmu:100042929+mmu:100042931+mmu:100042939+mmu:100042943+mmu:100042944+mmu:100042946+mmu:15267+mmu:15270+mmu:232440+mmu:236663+mmu:26914+mmu:319162+mmu:319163+mmu:319164+mmu:319165+mmu:319166+mmu:319167+mmu:319168+mmu:319169+mmu:319170+mmu:319171+mmu:319172+mmu:319173+mmu:319176+mmu:319191+mmu:319192+mmu:333452+mmu:385317+mmu:385328+mmu:404634+mmu:51788+mmu:547154+mmu:547160+mmu:547210+mmu:621893+mmu:624153+mmu:624957+mmu:665433+mmu:68231+mmu:76383+mmu:77605">
        <graphics name="H2ab1, Gm14920, Gm1539, H2A.B.3, H2A.Bbd1, H2A.Lap1, H2afb1..." fgcolor="#000000" bgcolor="#BFFFBF"
             type="rectangle" x="238" y="609" width="46" height="17"/>
    </entry>
    <entry id="164" name="mmu:26926" type="gene"
        link="https://www.kegg.jp/dbget-bin/www_bget?mmu:26926">
        <graphics name="Aifm1, AIF, AIFsh2, Hq, Pdcd8" fgcolor="#000000" bgcolor="#BFFFBF"
             type="rectangle" x="631" y="626" width="46" height="17"/>
    </entry>
    <entry id="165" name="mmu:12028" type="gene"
        link="https://www.kegg.jp/dbget-bin/www_bget?mmu:12028">
        <graphics name="Bax" fgcolor="#000000" bgcolor="#BFFFBF"
             type="rectangle" x="596" y="560" width="46" height="17"/>
    </entry>
    <entry id="167" name="mmu:26926" type="gene"
        link="https://www.kegg.jp/dbget-bin/www_bget?mmu:26926">
        <graphics name="Aifm1, AIF, AIFsh2, Hq, Pdcd8" fgcolor="#000000" bgcolor="#BFFFBF"
             type="rectangle" x="261" y="626" width="46" height="17"/>
    </entry>
    <entry id="168" name="mmu:12333 mmu:12334" type="gene"
        link="https://www.kegg.jp/dbget-bin/www_bget?mmu:12333+mmu:12334">
        <graphics name="Capn1, Capa-1, Capa1, mu-calpin..." fgcolor="#000000" bgcolor="#BFFFBF"
             type="rectangle" x="424" y="560" width="46" height="17"/>
    </entry>
    <entry id="169" name="mmu:11545" type="gene"
        link="https://www.kegg.jp/dbget-bin/www_bget?mmu:11545">
        <graphics name="Parp1, 5830444G22Rik, ARTD1, Adprp, Adprt1, PARP, PPOL, msPARP, parp-1, sPARP-1" fgcolor="#000000" bgcolor="#BFFFBF"
             type="rectangle" x="291" y="578" width="46" height="17"/>
    </entry>
    <entry id="171" name="cpd:C00076" type="compound"
        link="https://www.kegg.jp/dbget-bin/www_bget?C00076">
        <graphics name="C00076" fgcolor="#000000" bgcolor="#FFFFFF"
             type="circle" x="357" y="560" width="8" height="8"/>
    </entry>
    <entry id="177" name="cpd:C14592" type="compound"
        link="https://www.kegg.jp/dbget-bin/www_bget?C14592">
        <graphics name="C14592" fgcolor="#000000" bgcolor="#FFFFFF"
             type="circle" x="75" y="536" width="8" height="8"/>
    </entry>
    <entry id="178" name="mmu:12043" type="gene"
        link="https://www.kegg.jp/dbget-bin/www_bget?mmu:12043">
        <graphics name="Bcl2, Bcl-2, C430015F12Rik, D630044D05Rik, D830018M01Rik" fgcolor="#000000" bgcolor="#BFFFBF"
             type="rectangle" x="562" y="598" width="46" height="17"/>
    </entry>
    <entry id="181" name="mmu:268373 mmu:668548" type="gene"
        link="https://www.kegg.jp/dbget-bin/www_bget?mmu:268373+mmu:668548">
        <graphics name="Ppia, Cphn, CyP-18, CypA, SP18..." fgcolor="#000000" bgcolor="#BFFFBF"
             type="rectangle" x="284" y="609" width="46" height="17"/>
    </entry>
    <entry id="187" name="mmu:18783 mmu:211429 mmu:232889 mmu:271844 mmu:329502 mmu:78390" type="gene"
        link="https://www.kegg.jp/dbget-bin/www_bget?mmu:18783+mmu:211429+mmu:232889+mmu:271844+mmu:329502+mmu:78390">
        <graphics name="Pla2g4a, Pla2g4, cPLA2, cPLA2-alpha, cPLA2alpha..." fgcolor="#000000" bgcolor="#BFFFBF"
             type="rectangle" x="985" y="408" width="46" height="17"/>
    </entry>
    <entry id="189" name="cpd:C00550" type="compound"
        link="https://www.kegg.jp/dbget-bin/www_bget?C00550">
        <graphics name="C00550" fgcolor="#000000" bgcolor="#FFFFFF"
             type="circle" x="914" y="450" width="8" height="8"/>
    </entry>
    <entry id="191" name="mmu:108058 mmu:12322 mmu:12323 mmu:12325" type="gene"
        link="https://www.kegg.jp/dbget-bin/www_bget?mmu:108058+mmu:12322+mmu:12323+mmu:12325">
        <graphics name="Camk2d, 2810011D23Rik, 8030469K03Rik, CaMK_II, [d]-CaMKII..." fgcolor="#000000" bgcolor="#BFFFBF"
             type="rectangle" x="845" y="184" width="46" height="17"/>
    </entry>
    <entry id="192" name="mmu:13058" type="gene"
        link="https://www.kegg.jp/dbget-bin/www_bget?mmu:13058">
        <graphics name="Cybb, CGD91-phox, Cgd, Cyd, Nox2, gp91-1, gp91phox" fgcolor="#000000" bgcolor="#BFFFBF"
             type="rectangle" x="845" y="112" width="46" height="17"/>
    </entry>
    <entry id="200" name="mmu:105513 mmu:116733 mmu:20479 mmu:208092 mmu:234852 mmu:66371 mmu:66700 mmu:67028 mmu:67064 mmu:68942 mmu:68953 mmu:75608 mmu:76959" type="gene"
        link="https://www.kegg.jp/dbget-bin/www_bget?mmu:105513+mmu:116733+mmu:20479+mmu:208092+mmu:234852+mmu:66371+mmu:66700+mmu:67028+mmu:67064+mmu:68942+mmu:68953+mmu:75608+mmu:76959">
        <graphics name="Chmp7, 4930596K11Rik, 6330407G04Rik..." fgcolor="#000000" bgcolor="#BFFFBF"
             type="rectangle" x="631" y="680" width="46" height="17"/>
    </entry>
    <entry id="203" name="mmu:18412" type="gene"
        link="https://www.kegg.jp/dbget-bin/www_bget?mmu:18412">
        <graphics name="Sqstm1, A170, OSF-6, Osi, STAP, STONE14, p62" fgcolor="#000000" bgcolor="#BFFFBF"
             type="rectangle" x="588" y="380" width="46" height="17"/>
    </entry>
    <entry id="205" name="path:mmu04210" type="map"
        link="https://www.kegg.jp/dbget-bin/www_bget?mmu04210">
        <graphics name="Apoptosis" fgcolor="#000000" bgcolor="#FFFFFF"
             type="roundrectangle" x="652" y="172" width="71" height="20"/>
    </entry>
    <entry id="214" name="cpd:C00219" type="compound"
        link="https://www.kegg.jp/dbget-bin/www_bget?C00219">
        <graphics name="C00219" fgcolor="#000000" bgcolor="#FFFFFF"
             type="circle" x="1043" y="414" width="8" height="8"/>
    </entry>
    <entry id="216" name="mmu:11687" type="gene"
        link="https://www.kegg.jp/dbget-bin/www_bget?mmu:11687">
        <graphics name="Alox15, 12-LO, 12/15-LO, 15-LOX, Alox12l, L-12LO" fgcolor="#000000" bgcolor="#BFFFBF"
             type="rectangle" x="1098" y="403" width="46" height="17"/>
    </entry>
    <entry id="218" name="path:mmu04922" type="map"
        link="https://www.kegg.jp/dbget-bin/www_bget?mmu04922">
        <graphics name="Glucagon signaling pathway" fgcolor="#000000" bgcolor="#FFFFFF"
             type="roundrectangle" x="1238" y="327" width="102" height="30"/>
    </entry>
    <entry id="219" name="path:mmu00250" type="map"
        link="https://www.kegg.jp/dbget-bin/www_bget?mmu00250">
        <graphics name="Alanine, aspartate and glutamate metabolism" fgcolor="#000000" bgcolor="#FFFFFF"
             type="roundrectangle" x="1167" y="287" width="117" height="30"/>
    </entry>
    <entry id="220" name="cpd:C00076" type="compound"
        link="https://www.kegg.jp/dbget-bin/www_bget?C00076">
        <graphics name="C00076" fgcolor="#000000" bgcolor="#FFFFFF"
             type="circle" x="1099" y="177" width="8" height="8"/>
    </entry>
    <entry id="226" name="mmu:22333 mmu:22334 mmu:22335" type="gene"
        link="https://www.kegg.jp/dbget-bin/www_bget?mmu:22333+mmu:22334+mmu:22335">
        <graphics name="Vdac1, Vdac5, mVDAC1, mVDAC5..." fgcolor="#000000" bgcolor="#BFFFBF"
             type="rectangle" x="1021" y="186" width="46" height="17"/>
    </entry>
    <entry id="228" name="mmu:67738" type="gene"
        link="https://www.kegg.jp/dbget-bin/www_bget?mmu:67738">
        <graphics name="Ppid, 4930564J03Rik, CYP-40, Ppidl" fgcolor="#000000" bgcolor="#BFFFBF"
             type="rectangle" x="969" y="186" width="46" height="17"/>
    </entry>
    <entry id="229" name="mmu:11739 mmu:11740 mmu:73333" type="gene"
        link="https://www.kegg.jp/dbget-bin/www_bget?mmu:11739+mmu:11740+mmu:73333">
        <graphics name="Slc25a4, Ant1, mANC1..." fgcolor="#000000" bgcolor="#BFFFBF"
             type="rectangle" x="992" y="224" width="46" height="17"/>
    </entry>
    <entry id="230" name="undefined" type="group">
        <graphics fgcolor="#000000" bgcolor="#FFFFFF"
             type="rectangle" x="272" y="617" width="69" height="34"/>
        <component id="167"/>
        <component id="181"/>
    </entry>
    <entry id="231" name="undefined" type="group">
        <graphics fgcolor="#000000" bgcolor="#FFFFFF"
             type="rectangle" x="985" y="606" width="46" height="34"/>
        <component id="146"/>
        <component id="147"/>
    </entry>
    <entry id="232" name="undefined" type="group">
        <graphics fgcolor="#000000" bgcolor="#FFFFFF"
             type="rectangle" x="995" y="186" width="98" height="17"/>
        <component id="226"/>
        <component id="228"/>
    </entry>
    <entry id="233" name="undefined" type="group">
        <graphics fgcolor="#000000" bgcolor="#FFFFFF"
             type="rectangle" x="351" y="191" width="46" height="34"/>
        <component id="47"/>
        <component id="83"/>
    </entry>
    <entry id="234" name="undefined" type="group">
        <graphics fgcolor="#000000" bgcolor="#FFFFFF"
             type="rectangle" x="995" y="177" width="98" height="34"/>
        <component id="128"/>
        <component id="226"/>
        <component id="228"/>
    </entry>
    <relation entry1="27" entry2="28" type="PPrel">
        <subtype name="activation" value="--&gt;"/>
    </relation>
    <relation entry1="38" entry2="37" type="PPrel">
        <subtype name="activation" value="--&gt;"/>
    </relation>
    <relation entry1="28" entry2="29" type="PPrel">
        <subtype name="activation" value="--&gt;"/>
    </relation>
    <relation entry1="105" entry2="52" type="PPrel">
        <subtype name="activation" value="--&gt;"/>
    </relation>
    <relation entry1="37" entry2="74" type="PPrel">
        <subtype name="activation" value="--&gt;"/>
    </relation>
    <relation entry1="40" entry2="39" type="PPrel">
        <subtype name="activation" value="--&gt;"/>
    </relation>
    <relation entry1="34" entry2="33" type="PPrel">
        <subtype name="activation" value="--&gt;"/>
    </relation>
    <relation entry1="33" entry2="35" type="PPrel">
        <subtype name="activation" value="--&gt;"/>
    </relation>
    <relation entry1="32" entry2="84" type="PPrel">
        <subtype name="activation" value="--&gt;"/>
    </relation>
    <relation entry1="35" entry2="89" type="PPrel">
        <subtype name="activation" value="--&gt;"/>
    </relation>
    <relation entry1="84" entry2="82" type="PPrel">
        <subtype name="activation" value="--&gt;"/>
    </relation>
    <relation entry1="56" entry2="82" type="PPrel">
        <subtype name="activation" value="--&gt;"/>
    </relation>
    <relation entry1="76" entry2="80" type="PPrel">
        <subtype name="activation" value="--&gt;"/>
    </relation>
    <relation entry1="203" entry2="80" type="PPrel">
        <subtype name="activation" value="--&gt;"/>
    </relation>
    <relation entry1="95" entry2="80" type="PPrel">
        <subtype name="activation" value="--&gt;"/>
    </relation>
    <relation entry1="95" entry2="79" type="PPrel">
        <subtype name="activation" value="--&gt;"/>
    </relation>
    <relation entry1="101" entry2="79" type="PPrel">
        <subtype name="activation" value="--&gt;"/>
    </relation>
    <relation entry1="82" entry2="79" type="PPrel">
        <subtype name="activation" value="--&gt;"/>
    </relation>
    <relation entry1="169" entry2="171" type="PCrel">
        <subtype name="activation" value="--&gt;"/>
    </relation>
    <relation entry1="171" entry2="168" type="PCrel">
        <subtype name="activation" value="--&gt;"/>
    </relation>
    <relation entry1="168" entry2="162" type="PPrel">
        <subtype name="activation" value="--&gt;"/>
    </relation>
    <relation entry1="162" entry2="165" type="PPrel">
        <subtype name="activation" value="--&gt;"/>
    </relation>
    <relation entry1="165" entry2="164" type="PPrel">
        <subtype name="activation" value="--&gt;"/>
    </relation>
    <relation entry1="158" entry2="50" type="PPrel">
        <subtype name="activation" value="--&gt;"/>
    </relation>
    <relation entry1="79" entry2="192" type="PPrel">
        <subtype name="activation" value="--&gt;"/>
    </relation>
    <relation entry1="154" entry2="187" type="PCrel">
        <subtype name="activation" value="--&gt;"/>
    </relation>
    <relation entry1="154" entry2="156" type="PCrel">
        <subtype name="activation" value="--&gt;"/>
    </relation>
    <relation entry1="50" entry2="140" type="PPrel">
        <subtype name="activation" value="--&gt;"/>
    </relation>
    <relation entry1="50" entry2="143" type="PPrel">
        <subtype name="activation" value="--&gt;"/>
    </relation>
    <relation entry1="147" entry2="145" type="PPrel">
        <subtype name="activation" value="--&gt;"/>
    </relation>
    <relation entry1="31" entry2="53" type="PPrel">
        <subtype name="activation" value="--&gt;"/>
    </relation>
    <relation entry1="79" entry2="191" type="PPrel">
        <subtype name="activation" value="--&gt;"/>
        <subtype name="phosphorylation" value="+p"/>
    </relation>
    <relation entry1="79" entry2="124" type="PPrel">
        <subtype name="activation" value="--&gt;"/>
        <subtype name="phosphorylation" value="+p"/>
    </relation>
    <relation entry1="79" entry2="123" type="PPrel">
        <subtype name="activation" value="--&gt;"/>
        <subtype name="phosphorylation" value="+p"/>
    </relation>
    <relation entry1="79" entry2="122" type="PPrel">
        <subtype name="activation" value="--&gt;"/>
        <subtype name="phosphorylation" value="+p"/>
    </relation>
    <relation entry1="79" entry2="50" type="PPrel">
        <subtype name="activation" value="--&gt;"/>
        <subtype name="phosphorylation" value="+p"/>
    </relation>
    <relation entry1="29" entry2="30" type="PPrel">
        <subtype name="binding/association" value="---"/>
    </relation>
    <relation entry1="29" entry2="59" type="PPrel">
        <subtype name="binding/association" value="---"/>
    </relation>
    <relation entry1="83" entry2="47" type="PPrel">
        <subtype name="binding/association" value="---"/>
    </relation>
    <relation entry1="83" entry2="105" type="PPrel">
        <subtype name="binding/association" value="---"/>
    </relation>
    <relation entry1="163" entry2="230" type="PPrel">
        <subtype name="binding/association" value="---"/>
    </relation>
    <relation entry1="143" entry2="231" type="PPrel">
        <subtype name="binding/association" value="---"/>
    </relation>
    <relation entry1="232" entry2="128" type="PPrel">
        <subtype name="binding/association" value="---"/>
    </relation>
    <relation entry1="192" entry2="191" type="PPrel">
        <subtype name="activation" value="--&gt;"/>
    </relation>
    <relation entry1="48" entry2="52" type="PPrel">
        <subtype name="inhibition" value="--|"/>
    </relation>
    <relation entry1="49" entry2="48" type="PPrel">
        <subtype name="inhibition" value="--|"/>
    </relation>
    <relation entry1="178" entry2="165" type="PPrel">
        <subtype name="inhibition" value="--|"/>
    </relation>
    <relation entry1="233" entry2="59" type="PPrel">
        <subtype name="inhibition" value="--|"/>
        <subtype name="ubiquitination" value="+u"/>
    </relation>
    <relation entry1="63" entry2="79" type="PPrel">
        <subtype name="inhibition" value="--|"/>
    </relation>
    <relation entry1="48" entry2="80" type="PPrel">
        <subtype name="inhibition" value="--|"/>
    </relation>
    <relation entry1="48" entry2="79" type="PPrel">
        <subtype name="inhibition" value="--|"/>
    </relation>
    <relation entry1="62" entry2="48" type="PPrel">
        <subtype name="binding/association" value="---"/>
    </relation>
    <relation entry1="200" entry2="31" type="PPrel">
        <subtype name="binding/association" value="---"/>
    </relation>
    <relation entry1="89" entry2="76" type="GErel">
        <subtype name="expression" value="--&gt;"/>
    </relation>
    <relation entry1="79" entry2="154" type="PCrel">
        <subtype name="activation" value="--&gt;"/>
        <subtype name="indirect effect" value="..&gt;"/>
    </relation>
    <relation entry1="79" entry2="134" type="PPrel">
        <subtype name="activation" value="--&gt;"/>
        <subtype name="indirect effect" value="..&gt;"/>
    </relation>
    <relation entry1="80" entry2="79" type="PPrel">
        <subtype name="activation" value="--&gt;"/>
        <subtype name="phosphorylation" value="+p"/>
    </relation>
    <relation entry1="79" entry2="150" type="PPrel">
        <subtype name="activation" value="--&gt;"/>
        <subtype name="indirect effect" value="..&gt;"/>
    </relation>
    <relation entry1="150" entry2="151" type="PPrel">
        <subtype name="inhibition" value="--|"/>
        <subtype name="indirect effect" value="..&gt;"/>
    </relation>
    <relation entry1="112" entry2="80" type="PPrel">
        <subtype name="activation" value="--&gt;"/>
    </relation>
    <relation entry1="52" entry2="80" type="PPrel">
        <subtype name="activation" value="--&gt;"/>
    </relation>
    <relation entry1="89" entry2="86" type="GErel">
        <subtype name="expression" value="--&gt;"/>
    </relation>
    <relation entry1="191" entry2="234" type="PPrel">
        <subtype name="activation" value="--&gt;"/>
        <subtype name="indirect effect" value="..&gt;"/>
    </relation>
    <relation entry1="30" entry2="233" type="PPrel">
        <subtype name="binding/association" value="---"/>
    </relation>
    <relation entry1="140" entry2="141" type="PPrel">
        <subtype name="activation" value="--&gt;"/>
        <subtype name="dephosphorylation" value="-p"/>
    </relation>
    <relation entry1="86" entry2="229" type="PPrel">
        <subtype name="inhibition" value="--|"/>
        <subtype name="indirect effect" value="..&gt;"/>
    </relation>
    <relation entry1="88" entry2="89" type="PPrel">
        <subtype name="binding/association" value="---"/>
    </relation>
</pathway>
