<?xml version="1.0"?>
<!DOCTYPE pathway SYSTEM "https://www.kegg.jp/kegg/xml/KGML_v0.7.2_.dtd">
<!-- Creation date: Jun 26, 2023 17:07:39 +0900 (GMT+9) -->
<pathway name="path:mmu05417" org="mmu" number="05417"
         title="Lipid and atherosclerosis"
         image="https://www.kegg.jp/kegg/pathway/mmu/mmu05417.png"
         link="https://www.kegg.jp/kegg-bin/show_pathway?mmu05417">
    <entry id="5" name="cpd:C05981" type="compound"
        link="https://www.kegg.jp/dbget-bin/www_bget?C05981">
        <graphics name="C05981" fgcolor="#000000" bgcolor="#FFFFFF"
             type="circle" x="933" y="1526" width="8" height="8"/>
    </entry>
    <entry id="17" name="mmu:11651 mmu:11652 mmu:23797" type="gene"
        link="https://www.kegg.jp/dbget-bin/www_bget?mmu:11651+mmu:11652+mmu:23797">
        <graphics name="Akt1, Akt, LTR-akt, PKB, PKB/Akt, PKBalpha, Rac..." fgcolor="#000000" bgcolor="#BFFFBF"
             type="rectangle" x="1075" y="1526" width="46" height="17"/>
    </entry>
    <entry id="18" name="mmu:18607" type="gene"
        link="https://www.kegg.jp/dbget-bin/www_bget?mmu:18607">
        <graphics name="Pdpk1, Pdk1" fgcolor="#000000" bgcolor="#BFFFBF"
             type="rectangle" x="993" y="1546" width="46" height="17"/>
    </entry>
    <entry id="19" name="mmu:18706 mmu:18707 mmu:18708 mmu:18709 mmu:18710 mmu:74769" type="gene"
        link="https://www.kegg.jp/dbget-bin/www_bget?mmu:18706+mmu:18707+mmu:18708+mmu:18709+mmu:18710+mmu:74769">
        <graphics name="Pik3ca, 6330412C24Rik, caPI3K, p110, p110alpha..." fgcolor="#000000" bgcolor="#BFFFBF"
             type="rectangle" x="865" y="1526" width="46" height="17"/>
    </entry>
    <entry id="20" name="path:mmu04115" type="map"
        link="https://www.kegg.jp/dbget-bin/www_bget?mmu04115">
        <graphics name="p53 signaling pathway" fgcolor="#000000" bgcolor="#FFFFFF"
             type="roundrectangle" x="886" y="1714" width="110" height="34"/>
    </entry>
    <entry id="22" name="path:mmu05417" type="map"
        link="https://www.kegg.jp/dbget-bin/www_bget?mmu05417">
        <graphics name="TITLE:Lipid and atherosclerosis" fgcolor="#000000" bgcolor="#FFFFFF"
             type="roundrectangle" x="167" y="58" width="254" height="25"/>
    </entry>
    <entry id="45" name="mmu:56637" type="gene"
        link="https://www.kegg.jp/dbget-bin/www_bget?mmu:56637">
        <graphics name="Gsk3b, 7330414F15Rik, 8430431H08Rik, GSK-3, GSK-3beta, GSK3" fgcolor="#000000" bgcolor="#BFFFBF"
             type="rectangle" x="1158" y="1526" width="46" height="17"/>
    </entry>
    <entry id="55" name="mmu:22059" type="gene"
        link="https://www.kegg.jp/dbget-bin/www_bget?mmu:22059">
        <graphics name="Trp53, Tp53, bbl, bfy, bhy, p44, p53" fgcolor="#000000" bgcolor="#BFFFBF"
             type="rectangle" x="862" y="1814" width="46" height="17"/>
    </entry>
    <entry id="152" name="path:mmu04210" type="map"
        link="https://www.kegg.jp/dbget-bin/www_bget?mmu04210">
        <graphics name="Apoptosis" fgcolor="#000000" bgcolor="#FFFFFF"
             type="roundrectangle" x="1063" y="149" width="110" height="25"/>
    </entry>
    <entry id="272" name="path:mmu04210" type="map"
        link="https://www.kegg.jp/dbget-bin/www_bget?mmu04210">
        <graphics name="Apoptosis" fgcolor="#000000" bgcolor="#FFFFFF"
             type="roundrectangle" x="1220" y="1636" width="109" height="25"/>
    </entry>
    <entry id="273" name="path:mmu04975" type="map"
        link="https://www.kegg.jp/dbget-bin/www_bget?mmu04975">
        <graphics name="Fat digestion and absorption" fgcolor="#000000" bgcolor="#FFFFFF"
             type="roundrectangle" x="192" y="157" width="110" height="34"/>
    </entry>
    <entry id="274" name="mmu:108078" type="gene"
        link="https://www.kegg.jp/dbget-bin/www_bget?mmu:108078">
        <graphics name="Olr1, LOX-1, SR-EI, Scare1" fgcolor="#000000" bgcolor="#BFFFBF"
             type="rectangle" x="430" y="234" width="46" height="17"/>
    </entry>
    <entry id="275" name="mmu:11596" type="gene"
        link="https://www.kegg.jp/dbget-bin/www_bget?mmu:11596">
        <graphics name="Ager, RAGE" fgcolor="#000000" bgcolor="#BFFFBF"
             type="rectangle" x="430" y="292" width="46" height="17"/>
    </entry>
    <entry id="276" name="path:mmu04151" type="map"
        link="https://www.kegg.jp/dbget-bin/www_bget?mmu04151">
        <graphics name="PI3K-Akt signaling pathway" fgcolor="#000000" bgcolor="#FFFFFF"
             type="roundrectangle" x="1026" y="1493" width="109" height="34"/>
    </entry>
    <entry id="278" name="cpd:C21011 cpd:C21012 cpd:C21013 cpd:C21014" type="compound"
        link="https://www.kegg.jp/dbget-bin/www_bget?C21011+C21012+C21013+C21014">
        <graphics name="C21011..." fgcolor="#000000" bgcolor="#FFFFFF"
             type="circle" x="322" y="278" width="8" height="8"/>
    </entry>
    <entry id="279" name="mmu:18795 mmu:18796 mmu:18797 mmu:18798 mmu:18803" type="gene"
        link="https://www.kegg.jp/dbget-bin/www_bget?mmu:18795+mmu:18796+mmu:18797+mmu:18798+mmu:18803">
        <graphics name="Plcb1, 3110043I21Rik, Plcb, mKIAA0581..." fgcolor="#000000" bgcolor="#BFFFBF"
             type="rectangle" x="954" y="1583" width="46" height="17"/>
    </entry>
    <entry id="281" name="cpd:C01245" type="compound"
        link="https://www.kegg.jp/dbget-bin/www_bget?C01245">
        <graphics name="C01245" fgcolor="#000000" bgcolor="#FFFFFF"
             type="circle" x="1015" y="1581" width="8" height="8"/>
    </entry>
    <entry id="282" name="cpd:C00076" type="compound"
        link="https://www.kegg.jp/dbget-bin/www_bget?C00076">
        <graphics name="C00076" fgcolor="#000000" bgcolor="#FFFFFF"
             type="circle" x="1061" y="1581" width="8" height="8"/>
    </entry>
    <entry id="284" name="cpd:C00027 cpd:C00704" type="compound"
        link="https://www.kegg.jp/dbget-bin/www_bget?C00027+C00704">
        <graphics name="C00027..." fgcolor="#000000" bgcolor="#FFFFFF"
             type="circle" x="559" y="332" width="8" height="8"/>
    </entry>
    <entry id="285" name="path:mmu04020" type="map"
        link="https://www.kegg.jp/dbget-bin/www_bget?mmu04020">
        <graphics name="Calcium signaling pathway" fgcolor="#000000" bgcolor="#FFFFFF"
             type="roundrectangle" x="873" y="1582" width="100" height="34"/>
    </entry>
    <entry id="286" name="mmu:15461 mmu:16653 mmu:18176" type="gene"
        link="https://www.kegg.jp/dbget-bin/www_bget?mmu:15461+mmu:16653+mmu:18176">
        <graphics name="Hras, H-ras, Ha-ras, Harvey-ras, Hras-1, Hras1, Kras2, c-H-ras, c-Ha-ras, c-rasHa, ras..." fgcolor="#000000" bgcolor="#BFFFBF"
             type="rectangle" x="731" y="398" width="46" height="17"/>
    </entry>
    <entry id="287" name="mmu:26413 mmu:26417" type="gene"
        link="https://www.kegg.jp/dbget-bin/www_bget?mmu:26413+mmu:26417">
        <graphics name="Mapk1, 9030612K14Rik, ERK, Erk2, MAPK2, PRKM2, Prkm1, p41mapk, p42mapk..." fgcolor="#000000" bgcolor="#BFFFBF"
             type="rectangle" x="827" y="385" width="46" height="17"/>
    </entry>
    <entry id="288" name="mmu:16801" type="gene"
        link="https://www.kegg.jp/dbget-bin/www_bget?mmu:16801">
        <graphics name="Arhgef1, Lbcl2, Lsc" fgcolor="#000000" bgcolor="#BFFFBF"
             type="rectangle" x="483" y="177" width="46" height="17"/>
    </entry>
    <entry id="289" name="mmu:19878" type="gene"
        link="https://www.kegg.jp/dbget-bin/www_bget?mmu:19878">
        <graphics name="Rock2, B230113H15Rik, ROKalpha, Rho-kinase, Rock-II, Rock2m, mKIAA0619" fgcolor="#000000" bgcolor="#BFFFBF"
             type="rectangle" x="558" y="177" width="46" height="17"/>
    </entry>
    <entry id="290" name="mmu:83995 mmu:83996" type="gene"
        link="https://www.kegg.jp/dbget-bin/www_bget?mmu:83995+mmu:83996">
        <graphics name="Mmp1a, MMP-1a, Mcol-A, Mcola..." fgcolor="#000000" bgcolor="#BFFFBF"
             type="rectangle" x="430" y="131" width="46" height="17"/>
    </entry>
    <entry id="291" name="mmu:11848 mmu:67653" type="gene"
        link="https://www.kegg.jp/dbget-bin/www_bget?mmu:11848+mmu:67653">
        <graphics name="Rhoa, Arha, Arha1, Arha2..." fgcolor="#000000" bgcolor="#BFFFBF"
             type="rectangle" x="530" y="131" width="46" height="17"/>
    </entry>
    <entry id="292" name="cpd:C05981" type="compound"
        link="https://www.kegg.jp/dbget-bin/www_bget?C05981">
        <graphics name="C05981" fgcolor="#000000" bgcolor="#FFFFFF"
             type="circle" x="723" y="176" width="8" height="8"/>
    </entry>
    <entry id="293" name="mmu:11651 mmu:11652 mmu:23797" type="gene"
        link="https://www.kegg.jp/dbget-bin/www_bget?mmu:11651+mmu:11652+mmu:23797">
        <graphics name="Akt1, Akt, LTR-akt, PKB, PKB/Akt, PKBalpha, Rac..." fgcolor="#000000" bgcolor="#BFFFBF"
             type="rectangle" x="792" y="178" width="46" height="17"/>
    </entry>
    <entry id="294" name="mmu:18706 mmu:18707 mmu:18708 mmu:18709 mmu:18710 mmu:74769" type="gene"
        link="https://www.kegg.jp/dbget-bin/www_bget?mmu:18706+mmu:18707+mmu:18708+mmu:18709+mmu:18710+mmu:74769">
        <graphics name="Pik3ca, 6330412C24Rik, caPI3K, p110, p110alpha..." fgcolor="#000000" bgcolor="#BFFFBF"
             type="rectangle" x="648" y="177" width="46" height="17"/>
    </entry>
    <entry id="297" name="mmu:12015" type="gene"
        link="https://www.kegg.jp/dbget-bin/www_bget?mmu:12015">
        <graphics name="Bad, Bbc2" fgcolor="#000000" bgcolor="#BFFFBF"
             type="rectangle" x="967" y="149" width="46" height="17"/>
    </entry>
    <entry id="298" name="mmu:12048" type="gene"
        link="https://www.kegg.jp/dbget-bin/www_bget?mmu:12048">
        <graphics name="Bcl2l1, Bcl(X)L, Bcl-XL, Bcl2l, BclX, bcl-x, bcl2-L-1" fgcolor="#000000" bgcolor="#BFFFBF"
             type="rectangle" x="915" y="178" width="46" height="17"/>
    </entry>
    <entry id="299" name="mmu:12043" type="gene"
        link="https://www.kegg.jp/dbget-bin/www_bget?mmu:12043">
        <graphics name="Bcl2, Bcl-2, C430015F12Rik, D630044D05Rik, D830018M01Rik" fgcolor="#000000" bgcolor="#BFFFBF"
             type="rectangle" x="967" y="178" width="46" height="17"/>
    </entry>
    <entry id="300" name="path:mmu05418" type="map"
        link="https://www.kegg.jp/dbget-bin/www_bget?mmu05418">
        <graphics name="Fluid shear stress and atherosclerosis" fgcolor="#000000" bgcolor="#FFFFFF"
             type="roundrectangle" x="329" y="117" width="137" height="34"/>
    </entry>
    <entry id="302" name="mmu:12028" type="gene"
        link="https://www.kegg.jp/dbget-bin/www_bget?mmu:12028">
        <graphics name="Bax" fgcolor="#000000" bgcolor="#BFFFBF"
             type="rectangle" x="915" y="149" width="46" height="17"/>
    </entry>
    <entry id="308" name="mmu:18127" type="gene"
        link="https://www.kegg.jp/dbget-bin/www_bget?mmu:18127">
        <graphics name="Nos3, 2310065A03Rik, Nos-3, eNOS, ecNOS" fgcolor="#000000" bgcolor="#BFFFBF"
             type="rectangle" x="915" y="118" width="46" height="17"/>
    </entry>
    <entry id="318" name="mmu:20779" type="gene"
        link="https://www.kegg.jp/dbget-bin/www_bget?mmu:20779">
        <graphics name="Src, pp60c-src" fgcolor="#000000" bgcolor="#BFFFBF"
             type="rectangle" x="643" y="333" width="46" height="17"/>
    </entry>
    <entry id="319" name="mmu:26414 mmu:26419 mmu:26420" type="gene"
        link="https://www.kegg.jp/dbget-bin/www_bget?mmu:26414+mmu:26419+mmu:26420">
        <graphics name="Mapk10, C230008H04Rik, JNK3, JNK3B1, JNK3B2, SAPK(beta), Serk2, p493F12, p54bSAPK..." fgcolor="#000000" bgcolor="#BFFFBF"
             type="rectangle" x="915" y="315" width="46" height="17"/>
    </entry>
    <entry id="320" name="mmu:14281 mmu:16476" type="gene"
        link="https://www.kegg.jp/dbget-bin/www_bget?mmu:14281+mmu:16476">
        <graphics name="Fos, D12Rfj1, c-fos, cFos..." fgcolor="#000000" bgcolor="#BFFFBF"
             type="rectangle" x="1000" y="315" width="46" height="17"/>
    </entry>
    <entry id="321" name="mmu:18033 mmu:19697" type="gene"
        link="https://www.kegg.jp/dbget-bin/www_bget?mmu:18033+mmu:19697">
        <graphics name="Nfkb1, NF-KB1, NF-kappaB, NF-kappaB1, p105, p50, p50/p105..." fgcolor="#000000" bgcolor="#BFFFBF"
             type="rectangle" x="1000" y="385" width="46" height="17"/>
    </entry>
    <entry id="322" name="mmu:16452" type="gene"
        link="https://www.kegg.jp/dbget-bin/www_bget?mmu:16452">
        <graphics name="Jak2, Fd17" fgcolor="#000000" bgcolor="#BFFFBF"
             type="rectangle" x="731" y="278" width="46" height="17"/>
    </entry>
    <entry id="323" name="mmu:20848" type="gene"
        link="https://www.kegg.jp/dbget-bin/www_bget?mmu:20848">
        <graphics name="Stat3, 1110034C02Rik, Aprf" fgcolor="#000000" bgcolor="#BFFFBF"
             type="rectangle" x="1000" y="278" width="46" height="17"/>
    </entry>
    <entry id="324" name="mmu:20293 mmu:20296" type="gene"
        link="https://www.kegg.jp/dbget-bin/www_bget?mmu:20293+mmu:20296">
        <graphics name="Ccl12, MCP-5, Scya12..." fgcolor="#000000" bgcolor="#BFFFBF"
             type="rectangle" x="1244" y="303" width="46" height="17"/>
    </entry>
    <entry id="325" name="mmu:15894" type="gene"
        link="https://www.kegg.jp/dbget-bin/www_bget?mmu:15894">
        <graphics name="Icam1, CD54, Icam-1, Ly-47, MALA-2" fgcolor="#000000" bgcolor="#BFFFBF"
             type="rectangle" x="1297" y="303" width="46" height="17"/>
    </entry>
    <entry id="326" name="ko:K10030" type="ortholog"
        link="https://www.kegg.jp/dbget-bin/www_bget?K10030">
        <graphics name="K10030" fgcolor="#000000" bgcolor="#FFFFFF"
             type="rectangle" x="1244" y="325" width="46" height="17"/>
    </entry>
    <entry id="327" name="mmu:16176" type="gene"
        link="https://www.kegg.jp/dbget-bin/www_bget?mmu:16176">
        <graphics name="Il1b, IL-1beta, Il-1b" fgcolor="#000000" bgcolor="#BFFFBF"
             type="rectangle" x="1244" y="496" width="46" height="17"/>
    </entry>
    <entry id="328" name="mmu:16193" type="gene"
        link="https://www.kegg.jp/dbget-bin/www_bget?mmu:16193">
        <graphics name="Il6, Il-6" fgcolor="#000000" bgcolor="#BFFFBF"
             type="rectangle" x="1295" y="496" width="46" height="17"/>
    </entry>
    <entry id="329" name="mmu:22329" type="gene"
        link="https://www.kegg.jp/dbget-bin/www_bget?mmu:22329">
        <graphics name="Vcam1, CD106, Vcam-1" fgcolor="#000000" bgcolor="#BFFFBF"
             type="rectangle" x="1295" y="419" width="46" height="17"/>
    </entry>
    <entry id="330" name="mmu:15894" type="gene"
        link="https://www.kegg.jp/dbget-bin/www_bget?mmu:15894">
        <graphics name="Icam1, CD54, Icam-1, Ly-47, MALA-2" fgcolor="#000000" bgcolor="#BFFFBF"
             type="rectangle" x="1243" y="419" width="46" height="17"/>
    </entry>
    <entry id="331" name="mmu:20293 mmu:20296" type="gene"
        link="https://www.kegg.jp/dbget-bin/www_bget?mmu:20293+mmu:20296">
        <graphics name="Ccl12, MCP-5, Scya12..." fgcolor="#000000" bgcolor="#BFFFBF"
             type="rectangle" x="1243" y="440" width="46" height="17"/>
    </entry>
    <entry id="340" name="mmu:17874" type="gene"
        link="https://www.kegg.jp/dbget-bin/www_bget?mmu:17874">
        <graphics name="Myd88" fgcolor="#000000" bgcolor="#BFFFBF"
             type="rectangle" x="510" y="515" width="46" height="17"/>
    </entry>
    <entry id="341" name="mmu:12675 mmu:16150 mmu:16151" type="gene"
        link="https://www.kegg.jp/dbget-bin/www_bget?mmu:12675+mmu:16150+mmu:16151">
        <graphics name="Chuk, Chuk1, Fbx24, Fbxo24, IKBKA, IKK_alpha, IKK1, Ikka, NFKBIKA..." fgcolor="#000000" bgcolor="#BFFFBF"
             type="rectangle" x="827" y="486" width="46" height="17"/>
    </entry>
    <entry id="342" name="mmu:26409" type="gene"
        link="https://www.kegg.jp/dbget-bin/www_bget?mmu:26409">
        <graphics name="Map3k7, B430101B05, Tak1" fgcolor="#000000" bgcolor="#BFFFBF"
             type="rectangle" x="731" y="514" width="46" height="17"/>
    </entry>
    <entry id="343" name="mmu:19094 mmu:26415 mmu:26416 mmu:29857" type="gene"
        link="https://www.kegg.jp/dbget-bin/www_bget?mmu:19094+mmu:26415+mmu:26416+mmu:29857">
        <graphics name="Mapk11, P38b, Prkm11, Sapk2, Sapk2b, p38-2, p38beta, p38beta2..." fgcolor="#000000" bgcolor="#BFFFBF"
             type="rectangle" x="915" y="525" width="46" height="17"/>
    </entry>
    <entry id="344" name="mmu:16179" type="gene"
        link="https://www.kegg.jp/dbget-bin/www_bget?mmu:16179">
        <graphics name="Irak1, IRAK, IRAK-1, IRAK1-S, IRAK1b, Il1rak, Plpk, mPLK" fgcolor="#000000" bgcolor="#BFFFBF"
             type="rectangle" x="594" y="525" width="46" height="17"/>
    </entry>
    <entry id="345" name="mmu:117149" type="gene"
        link="https://www.kegg.jp/dbget-bin/www_bget?mmu:117149">
        <graphics name="Tirap, C130027E04Rik, Mal, Tlr4ap, Wyatt" fgcolor="#000000" bgcolor="#BFFFBF"
             type="rectangle" x="510" y="498" width="46" height="17"/>
    </entry>
    <entry id="346" name="mmu:26414 mmu:26419 mmu:26420" type="gene"
        link="https://www.kegg.jp/dbget-bin/www_bget?mmu:26414+mmu:26419+mmu:26420">
        <graphics name="Mapk10, C230008H04Rik, JNK3, JNK3B1, JNK3B2, SAPK(beta), Serk2, p493F12, p54bSAPK..." fgcolor="#000000" bgcolor="#BFFFBF"
             type="rectangle" x="915" y="554" width="46" height="17"/>
    </entry>
    <entry id="347" name="mmu:22034" type="gene"
        link="https://www.kegg.jp/dbget-bin/www_bget?mmu:22034">
        <graphics name="Traf6, 2310003F17Rik, C630032O20Rik" fgcolor="#000000" bgcolor="#BFFFBF"
             type="rectangle" x="640" y="518" width="46" height="17"/>
    </entry>
    <entry id="348" name="mmu:66513" type="gene"
        link="https://www.kegg.jp/dbget-bin/www_bget?mmu:66513">
        <graphics name="Tab1, 2310012M03Rik, Map3k7ip1, b2b449Clo" fgcolor="#000000" bgcolor="#BFFFBF"
             type="rectangle" x="731" y="480" width="46" height="17"/>
    </entry>
    <entry id="349" name="mmu:68652" type="gene"
        link="https://www.kegg.jp/dbget-bin/www_bget?mmu:68652">
        <graphics name="Tab2, 1110030N06Rik, A530078N03Rik, Map3k7ip2, mKIAA0733" fgcolor="#000000" bgcolor="#BFFFBF"
             type="rectangle" x="731" y="497" width="46" height="17"/>
    </entry>
    <entry id="350" name="mmu:18035" type="gene"
        link="https://www.kegg.jp/dbget-bin/www_bget?mmu:18035">
        <graphics name="Nfkbia, Nfkbi" fgcolor="#000000" bgcolor="#BFFFBF"
             type="rectangle" x="915" y="486" width="46" height="17"/>
    </entry>
    <entry id="351" name="mmu:17087" type="gene"
        link="https://www.kegg.jp/dbget-bin/www_bget?mmu:17087">
        <graphics name="Ly96, ESOP-1, MD-2, MD2" fgcolor="#000000" bgcolor="#BFFFBF"
             type="rectangle" x="384" y="548" width="46" height="17"/>
    </entry>
    <entry id="352" name="mmu:16803" type="gene"
        link="https://www.kegg.jp/dbget-bin/www_bget?mmu:16803">
        <graphics name="Lbp, Bpifd2, Ly88" fgcolor="#000000" bgcolor="#BFFFBF"
             type="rectangle" x="384" y="484" width="46" height="17"/>
    </entry>
    <entry id="353" name="mmu:21898" type="gene"
        link="https://www.kegg.jp/dbget-bin/www_bget?mmu:21898">
        <graphics name="Tlr4, Lps, Ly87, Ran/M1, Rasl2-8" fgcolor="#000000" bgcolor="#BFFFBF"
             type="rectangle" x="430" y="537" width="46" height="17"/>
    </entry>
    <entry id="354" name="mmu:12475" type="gene"
        link="https://www.kegg.jp/dbget-bin/www_bget?mmu:12475">
        <graphics name="Cd14" fgcolor="#000000" bgcolor="#BFFFBF"
             type="rectangle" x="430" y="490" width="46" height="17"/>
    </entry>
    <entry id="355" name="mmu:266632" type="gene"
        link="https://www.kegg.jp/dbget-bin/www_bget?mmu:266632">
        <graphics name="Irak4, 8430405M07Rik, 9330209D03Rik, IRAK-4, NY-REN-64" fgcolor="#000000" bgcolor="#BFFFBF"
             type="rectangle" x="594" y="508" width="46" height="17"/>
    </entry>
    <entry id="368" name="mmu:26398 mmu:26400" type="gene"
        link="https://www.kegg.jp/dbget-bin/www_bget?mmu:26398+mmu:26400">
        <graphics name="Map2k4, JNKK1, MAPKK_4, MEK4, MKK4, PRKMK4, Sek1, Serk1..." fgcolor="#000000" bgcolor="#BFFFBF"
             type="rectangle" x="827" y="554" width="46" height="17"/>
    </entry>
    <entry id="369" name="mmu:18033 mmu:19697" type="gene"
        link="https://www.kegg.jp/dbget-bin/www_bget?mmu:18033+mmu:19697">
        <graphics name="Nfkb1, NF-KB1, NF-kappaB, NF-kappaB1, p105, p50, p50/p105..." fgcolor="#000000" bgcolor="#BFFFBF"
             type="rectangle" x="915" y="458" width="46" height="17"/>
    </entry>
    <entry id="370" name="mmu:26397 mmu:26399" type="gene"
        link="https://www.kegg.jp/dbget-bin/www_bget?mmu:26397+mmu:26399">
        <graphics name="Map2k3, MAPKK_3, MEK3, MKK3, MKK3b, Prkmk3..." fgcolor="#000000" bgcolor="#BFFFBF"
             type="rectangle" x="827" y="525" width="46" height="17"/>
    </entry>
    <entry id="375" name="mmu:11303" type="gene"
        link="https://www.kegg.jp/dbget-bin/www_bget?mmu:11303">
        <graphics name="Abca1, ABC-1, Abc1" fgcolor="#000000" bgcolor="#BFFFBF"
             type="rectangle" x="430" y="1328" width="46" height="17"/>
    </entry>
    <entry id="376" name="mmu:12491" type="gene"
        link="https://www.kegg.jp/dbget-bin/www_bget?mmu:12491">
        <graphics name="Cd36, FAT, GPIV, Scarb3" fgcolor="#000000" bgcolor="#BFFFBF"
             type="rectangle" x="430" y="734" width="46" height="17"/>
    </entry>
    <entry id="377" name="mmu:108078" type="gene"
        link="https://www.kegg.jp/dbget-bin/www_bget?mmu:108078">
        <graphics name="Olr1, LOX-1, SR-EI, Scare1" fgcolor="#000000" bgcolor="#BFFFBF"
             type="rectangle" x="430" y="786" width="46" height="17"/>
    </entry>
    <entry id="378" name="mmu:21898 mmu:21899 mmu:24088" type="gene"
        link="https://www.kegg.jp/dbget-bin/www_bget?mmu:21898+mmu:21899+mmu:24088">
        <graphics name="Tlr4, Lps, Ly87, Ran/M1, Rasl2-8..." fgcolor="#000000" bgcolor="#BFFFBF"
             type="rectangle" x="430" y="833" width="46" height="17"/>
    </entry>
    <entry id="380" name="path:mmu04141" type="map"
        link="https://www.kegg.jp/dbget-bin/www_bget?mmu04141">
        <graphics name="Protein processing in endoplasmic reticulum" fgcolor="#000000" bgcolor="#FFFFFF"
             type="roundrectangle" x="678" y="1187" width="151" height="34"/>
    </entry>
    <entry id="381" name="mmu:26408" type="gene"
        link="https://www.kegg.jp/dbget-bin/www_bget?mmu:26408">
        <graphics name="Map3k5, 7420452D20Rik, ASK, ASK1, MAPKKK5, Mekk5" fgcolor="#000000" bgcolor="#BFFFBF"
             type="rectangle" x="926" y="1178" width="46" height="17"/>
    </entry>
    <entry id="382" name="mmu:13666" type="gene"
        link="https://www.kegg.jp/dbget-bin/www_bget?mmu:13666">
        <graphics name="Eif2ak3, Pek, Perk" fgcolor="#000000" bgcolor="#BFFFBF"
             type="rectangle" x="768" y="1113" width="46" height="17"/>
    </entry>
    <entry id="383" name="mmu:78943" type="gene"
        link="https://www.kegg.jp/dbget-bin/www_bget?mmu:78943">
        <graphics name="Ern1, 9030414B18Rik, Ire1a, Ire1alpha, Ire1p" fgcolor="#000000" bgcolor="#BFFFBF"
             type="rectangle" x="768" y="1158" width="46" height="17"/>
    </entry>
    <entry id="384" name="mmu:226641" type="gene"
        link="https://www.kegg.jp/dbget-bin/www_bget?mmu:226641">
        <graphics name="Atf6, 9130025P16Rik, 9630036G24, Atf6alpha, ESTM49" fgcolor="#000000" bgcolor="#BFFFBF"
             type="rectangle" x="768" y="1079" width="46" height="17"/>
    </entry>
    <entry id="385" name="mmu:13665" type="gene"
        link="https://www.kegg.jp/dbget-bin/www_bget?mmu:13665">
        <graphics name="Eif2s1, 0910001O23Rik, 2410026C18Rik, 35kDa, Eif2a, eIF2alpha" fgcolor="#000000" bgcolor="#BFFFBF"
             type="rectangle" x="843" y="1113" width="46" height="17"/>
    </entry>
    <entry id="386" name="mmu:11911" type="gene"
        link="https://www.kegg.jp/dbget-bin/www_bget?mmu:11911">
        <graphics name="Atf4, Atf-4, C/ATF, CREB-2, CREB2, TAXREB67" fgcolor="#000000" bgcolor="#BFFFBF"
             type="rectangle" x="926" y="1113" width="46" height="17"/>
    </entry>
    <entry id="389" name="mmu:13198" type="gene"
        link="https://www.kegg.jp/dbget-bin/www_bget?mmu:13198">
        <graphics name="Ddit3, AltDDIT3, CHOP-10, CHOP10, chop, gadd153" fgcolor="#000000" bgcolor="#BFFFBF"
             type="rectangle" x="1244" y="1092" width="46" height="17"/>
    </entry>
    <entry id="393" name="mmu:14828" type="gene"
        link="https://www.kegg.jp/dbget-bin/www_bget?mmu:14828">
        <graphics name="Hspa5, Bip, D2Wsu141e, D2Wsu17e, Grp78, Hsce70, SEZ-7, Sez7, baffled, mBiP" fgcolor="#000000" bgcolor="#BFFFBF"
             type="rectangle" x="693" y="1112" width="46" height="17"/>
    </entry>
    <entry id="401" name="mmu:22030" type="gene"
        link="https://www.kegg.jp/dbget-bin/www_bget?mmu:22030">
        <graphics name="Traf2" fgcolor="#000000" bgcolor="#BFFFBF"
             type="rectangle" x="843" y="1178" width="46" height="17"/>
    </entry>
    <entry id="404" name="mmu:26414 mmu:26419 mmu:26420" type="gene"
        link="https://www.kegg.jp/dbget-bin/www_bget?mmu:26414+mmu:26419+mmu:26420">
        <graphics name="Mapk10, C230008H04Rik, JNK3, JNK3B1, JNK3B2, SAPK(beta), Serk2, p493F12, p54bSAPK..." fgcolor="#000000" bgcolor="#BFFFBF"
             type="rectangle" x="1011" y="1178" width="46" height="17"/>
    </entry>
    <entry id="408" name="mmu:216799" type="gene"
        link="https://www.kegg.jp/dbget-bin/www_bget?mmu:216799">
        <graphics name="Nlrp3, AGTAVPRL, AII/AVP, Cias1, FCAS, FCU, MWS, Mmig1, NALP3, Pypaf1" fgcolor="#000000" bgcolor="#BFFFBF"
             type="rectangle" x="906" y="1344" width="46" height="17"/>
    </entry>
    <entry id="409" name="mmu:66824" type="gene"
        link="https://www.kegg.jp/dbget-bin/www_bget?mmu:66824">
        <graphics name="Pycard, 9130417A21Rik, Asc, CARD5, TMS-1, TNS1, masc" fgcolor="#000000" bgcolor="#BFFFBF"
             type="rectangle" x="977" y="1344" width="46" height="17"/>
    </entry>
    <entry id="410" name="mmu:12362" type="gene"
        link="https://www.kegg.jp/dbget-bin/www_bget?mmu:12362">
        <graphics name="Casp1, ICE, Il1bc" fgcolor="#000000" bgcolor="#BFFFBF"
             type="rectangle" x="1049" y="1344" width="47" height="17"/>
    </entry>
    <entry id="411" name="mmu:16176" type="gene"
        link="https://www.kegg.jp/dbget-bin/www_bget?mmu:16176">
        <graphics name="Il1b, IL-1beta, Il-1b" fgcolor="#000000" bgcolor="#BFFFBF"
             type="rectangle" x="1241" y="1385" width="46" height="17"/>
    </entry>
    <entry id="412" name="mmu:12362" type="gene"
        link="https://www.kegg.jp/dbget-bin/www_bget?mmu:12362">
        <graphics name="Casp1, ICE, Il1bc" fgcolor="#000000" bgcolor="#BFFFBF"
             type="rectangle" x="1158" y="1344" width="46" height="17"/>
    </entry>
    <entry id="415" name="mmu:16176" type="gene"
        link="https://www.kegg.jp/dbget-bin/www_bget?mmu:16176">
        <graphics name="Il1b, IL-1beta, Il-1b" fgcolor="#000000" bgcolor="#BFFFBF"
             type="rectangle" x="1241" y="1313" width="46" height="17"/>
    </entry>
    <entry id="419" name="path:mmu04621" type="map"
        link="https://www.kegg.jp/dbget-bin/www_bget?mmu04621">
        <graphics name="NOD-like receptor signaling pathway" fgcolor="#000000" bgcolor="#FFFFFF"
             type="roundrectangle" x="1138" y="1380" width="121" height="34"/>
    </entry>
    <entry id="420" name="path:mmu04620" type="map"
        link="https://www.kegg.jp/dbget-bin/www_bget?mmu04620">
        <graphics name="Toll-like receptor signaling pathway" fgcolor="#000000" bgcolor="#FFFFFF"
             type="roundrectangle" x="661" y="557" width="133" height="34"/>
    </entry>
    <entry id="426" name="cpd:C00187" type="compound"
        link="https://www.kegg.jp/dbget-bin/www_bget?C00187">
        <graphics name="C00187" fgcolor="#000000" bgcolor="#FFFFFF"
             type="circle" x="588" y="1342" width="8" height="8"/>
    </entry>
    <entry id="429" name="mmu:11307" type="gene"
        link="https://www.kegg.jp/dbget-bin/www_bget?mmu:11307">
        <graphics name="Abcg1, Abc8, White" fgcolor="#000000" bgcolor="#BFFFBF"
             type="rectangle" x="430" y="1359" width="46" height="17"/>
    </entry>
    <entry id="434" name="mmu:26413 mmu:26417" type="gene"
        link="https://www.kegg.jp/dbget-bin/www_bget?mmu:26413+mmu:26417">
        <graphics name="Mapk1, 9030612K14Rik, ERK, Erk2, MAPK2, PRKM2, Prkm1, p41mapk, p42mapk..." fgcolor="#000000" bgcolor="#BFFFBF"
             type="rectangle" x="627" y="833" width="46" height="17"/>
    </entry>
    <entry id="436" name="mmu:13058 mmu:237038" type="gene"
        link="https://www.kegg.jp/dbget-bin/www_bget?mmu:13058+mmu:237038">
        <graphics name="Cybb, CGD91-phox, Cgd, Cyd, Nox2, gp91-1, gp91phox..." fgcolor="#000000" bgcolor="#BFFFBF"
             type="rectangle" x="885" y="818" width="46" height="17"/>
    </entry>
    <entry id="437" name="mmu:13057" type="gene"
        link="https://www.kegg.jp/dbget-bin/www_bget?mmu:13057">
        <graphics name="Cyba, b558, nmf333, p22-phox, p22phox" fgcolor="#000000" bgcolor="#BFFFBF"
             type="rectangle" x="885" y="835" width="46" height="17"/>
    </entry>
    <entry id="438" name="mmu:17969" type="gene"
        link="https://www.kegg.jp/dbget-bin/www_bget?mmu:17969">
        <graphics name="Ncf1, NCF-47K, NOXO2, Ncf-1, p47-phox, p47&lt;phox&gt;, p47phox" fgcolor="#000000" bgcolor="#BFFFBF"
             type="rectangle" x="931" y="818" width="46" height="17"/>
    </entry>
    <entry id="439" name="mmu:17970" type="gene"
        link="https://www.kegg.jp/dbget-bin/www_bget?mmu:17970">
        <graphics name="Ncf2, NOXA2, Ncf-2, p67phox" fgcolor="#000000" bgcolor="#BFFFBF"
             type="rectangle" x="931" y="835" width="46" height="17"/>
    </entry>
    <entry id="440" name="mmu:19353" type="gene"
        link="https://www.kegg.jp/dbget-bin/www_bget?mmu:19353">
        <graphics name="Rac1, D5Ertd559e" fgcolor="#000000" bgcolor="#BFFFBF"
             type="rectangle" x="797" y="833" width="46" height="17"/>
    </entry>
    <entry id="441" name="mmu:17972" type="gene"
        link="https://www.kegg.jp/dbget-bin/www_bget?mmu:17972">
        <graphics name="Ncf4, p40phox" fgcolor="#000000" bgcolor="#BFFFBF"
             type="rectangle" x="885" y="852" width="46" height="17"/>
    </entry>
    <entry id="447" name="mmu:109905 mmu:215449" type="gene"
        link="https://www.kegg.jp/dbget-bin/www_bget?mmu:109905+mmu:215449">
        <graphics name="Rap1a, G-22K, Krev-1, Rap1..." fgcolor="#000000" bgcolor="#BFFFBF"
             type="rectangle" x="716" y="833" width="46" height="17"/>
    </entry>
    <entry id="451" name="mmu:18024" type="gene"
        link="https://www.kegg.jp/dbget-bin/www_bget?mmu:18024">
        <graphics name="Nfe2l2, Nrf2" fgcolor="#000000" bgcolor="#BFFFBF"
             type="rectangle" x="827" y="1330" width="46" height="17"/>
    </entry>
    <entry id="452" name="cpd:C00027" type="compound"
        link="https://www.kegg.jp/dbget-bin/www_bget?C00027">
        <graphics name="C00027" fgcolor="#000000" bgcolor="#FFFFFF"
             type="circle" x="820" y="970" width="8" height="8"/>
    </entry>
    <entry id="454" name="mmu:20304" type="gene"
        link="https://www.kegg.jp/dbget-bin/www_bget?mmu:20304">
        <graphics name="Ccl5, MuRantes, RANTES, SISd, Scya5, TCP228" fgcolor="#000000" bgcolor="#BFFFBF"
             type="rectangle" x="1244" y="835" width="46" height="17"/>
    </entry>
    <entry id="455" name="mmu:20302" type="gene"
        link="https://www.kegg.jp/dbget-bin/www_bget?mmu:20302">
        <graphics name="Ccl3, G0S19-1, LD78alpha, MIP-1alpha, MIP1-(a), MIP1-alpha, Mip1a, Scya3" fgcolor="#000000" bgcolor="#BFFFBF"
             type="rectangle" x="1298" y="835" width="46" height="17"/>
    </entry>
    <entry id="456" name="mmu:14825 mmu:20310 mmu:330122" type="gene"
        link="https://www.kegg.jp/dbget-bin/www_bget?mmu:14825+mmu:20310+mmu:330122">
        <graphics name="Cxcl1, Fsp, Gro1, KC, Mgsa, N51, Scyb1, gro..." fgcolor="#000000" bgcolor="#BFFFBF"
             type="rectangle" x="1244" y="858" width="46" height="17"/>
    </entry>
    <entry id="458" name="mmu:26409" type="gene"
        link="https://www.kegg.jp/dbget-bin/www_bget?mmu:26409">
        <graphics name="Map3k7, B430101B05, Tak1" fgcolor="#000000" bgcolor="#BFFFBF"
             type="rectangle" x="926" y="1143" width="46" height="17"/>
    </entry>
    <entry id="459" name="mmu:18033 mmu:19697" type="gene"
        link="https://www.kegg.jp/dbget-bin/www_bget?mmu:18033+mmu:19697">
        <graphics name="Nfkb1, NF-KB1, NF-kappaB, NF-kappaB1, p105, p50, p50/p105..." fgcolor="#000000" bgcolor="#BFFFBF"
             type="rectangle" x="1011" y="1143" width="46" height="17"/>
    </entry>
    <entry id="462" name="mmu:14281 mmu:16476" type="gene"
        link="https://www.kegg.jp/dbget-bin/www_bget?mmu:14281+mmu:16476">
        <graphics name="Fos, D12Rfj1, c-fos, cFos..." fgcolor="#000000" bgcolor="#BFFFBF"
             type="rectangle" x="1089" y="1178" width="46" height="17"/>
    </entry>
    <entry id="467" name="mmu:22433" type="gene"
        link="https://www.kegg.jp/dbget-bin/www_bget?mmu:22433">
        <graphics name="Xbp1, D11Ertd39e, TREB-5, TREB5, XBP-1" fgcolor="#000000" bgcolor="#BFFFBF"
             type="rectangle" x="926" y="1212" width="46" height="17"/>
    </entry>
    <entry id="496" name="mmu:22359" type="gene"
        link="https://www.kegg.jp/dbget-bin/www_bget?mmu:22359">
        <graphics name="Vldlr" fgcolor="#000000" bgcolor="#BFFFBF"
             type="rectangle" x="780" y="1526" width="46" height="17"/>
    </entry>
    <entry id="499" name="mmu:18018 mmu:18019 mmu:18021" type="gene"
        link="https://www.kegg.jp/dbget-bin/www_bget?mmu:18018+mmu:18019+mmu:18021">
        <graphics name="Nfatc1, 2210017P03Rik, NF-ATc, NFAT2, NFATc, Nfatcb..." fgcolor="#000000" bgcolor="#BFFFBF"
             type="rectangle" x="1246" y="1526" width="46" height="17"/>
    </entry>
    <entry id="501" name="path:mmu04668" type="map"
        link="https://www.kegg.jp/dbget-bin/www_bget?mmu04668">
        <graphics name="TNF signaling pathway" fgcolor="#000000" bgcolor="#FFFFFF"
             type="roundrectangle" x="901" y="1630" width="124" height="34"/>
    </entry>
    <entry id="502" name="mmu:21937" type="gene"
        link="https://www.kegg.jp/dbget-bin/www_bget?mmu:21937">
        <graphics name="Tnfrsf1a, CD120a, FPF, TNF-R, TNF-R-I, TNF-R1, TNF-R55, TNF-alphaR1, TNFAR, TNFR60, TNFRI, TNFRp55, TNFalpha-R1, Tnfr-2, Tnfr1, p55, p55-R" fgcolor="#000000" bgcolor="#BFFFBF"
             type="rectangle" x="780" y="1656" width="46" height="17"/>
    </entry>
    <entry id="503" name="mmu:21933" type="gene"
        link="https://www.kegg.jp/dbget-bin/www_bget?mmu:21933">
        <graphics name="Tnfrsf10b, DR5, KILLER, Ly98, MK, TRAILR2, TRICK2A, TRICK2B, TRICKB" fgcolor="#000000" bgcolor="#BFFFBF"
             type="rectangle" x="780" y="1623" width="46" height="17"/>
    </entry>
    <entry id="504" name="mmu:14102" type="gene"
        link="https://www.kegg.jp/dbget-bin/www_bget?mmu:14102">
        <graphics name="Fas, APO1, APT1, CD95, TNFR6, Tnfrsf6, lpr" fgcolor="#000000" bgcolor="#BFFFBF"
             type="rectangle" x="780" y="1690" width="46" height="17"/>
    </entry>
    <entry id="505" name="mmu:21926" type="gene"
        link="https://www.kegg.jp/dbget-bin/www_bget?mmu:21926">
        <graphics name="Tnf, DIF, TNF-a, TNF-alpha, TNFSF2, TNFalpha, Tnfa, Tnfsf1a, Tnlg1f" fgcolor="#000000" bgcolor="#BFFFBF"
             type="rectangle" x="690" y="1656" width="46" height="17"/>
    </entry>
    <entry id="506" name="mmu:22035" type="gene"
        link="https://www.kegg.jp/dbget-bin/www_bget?mmu:22035">
        <graphics name="Tnfsf10, A330042I21Rik, APO-2L, Ly81, TL2, Tnlg6a, Trail" fgcolor="#000000" bgcolor="#BFFFBF"
             type="rectangle" x="690" y="1623" width="46" height="17"/>
    </entry>
    <entry id="507" name="mmu:14103" type="gene"
        link="https://www.kegg.jp/dbget-bin/www_bget?mmu:14103">
        <graphics name="Fasl, APT1LG1, CD178, CD95-L, CD95L, Fas-L, Faslg, Tnfsf6, Tnlg1a, gld" fgcolor="#000000" bgcolor="#BFFFBF"
             type="rectangle" x="690" y="1690" width="46" height="17"/>
    </entry>
    <entry id="512" name="mmu:12369" type="gene"
        link="https://www.kegg.jp/dbget-bin/www_bget?mmu:12369">
        <graphics name="Casp7, CMH-1, ICE-IAP3, Mch3, caspase-7, mCASP-7" fgcolor="#000000" bgcolor="#BFFFBF"
             type="rectangle" x="1125" y="1681" width="46" height="17"/>
    </entry>
    <entry id="513" name="mmu:12367" type="gene"
        link="https://www.kegg.jp/dbget-bin/www_bget?mmu:12367">
        <graphics name="Casp3, A830040C14Rik, AC-3, CASP-3, CC3, CPP-32, CPP32, Caspase-3, Lice, SCA-1, Yama, mldy" fgcolor="#000000" bgcolor="#BFFFBF"
             type="rectangle" x="1125" y="1659" width="46" height="17"/>
    </entry>
    <entry id="514" name="mmu:12368" type="gene"
        link="https://www.kegg.jp/dbget-bin/www_bget?mmu:12368">
        <graphics name="Casp6, CASP-6, Mch2" fgcolor="#000000" bgcolor="#BFFFBF"
             type="rectangle" x="1125" y="1637" width="46" height="17"/>
    </entry>
    <entry id="515" name="mmu:12370" type="gene"
        link="https://www.kegg.jp/dbget-bin/www_bget?mmu:12370">
        <graphics name="Casp8, CASP-8, FLICE, MACH, Mch5" fgcolor="#000000" bgcolor="#BFFFBF"
             type="rectangle" x="1020" y="1659" width="46" height="17"/>
    </entry>
    <entry id="517" name="mmu:12122" type="gene"
        link="https://www.kegg.jp/dbget-bin/www_bget?mmu:12122">
        <graphics name="Bid, 2700049M22Rik" fgcolor="#000000" bgcolor="#BFFFBF"
             type="rectangle" x="1020" y="1698" width="46" height="17"/>
    </entry>
    <entry id="521" name="mmu:11783" type="gene"
        link="https://www.kegg.jp/dbget-bin/www_bget?mmu:11783">
        <graphics name="Apaf1, 6230400I06Rik, Apaf-1, Apaf1l, fog, mKIAA0413" fgcolor="#000000" bgcolor="#BFFFBF"
             type="rectangle" x="1150" y="1803" width="46" height="17"/>
    </entry>
    <entry id="522" name="mmu:13063 mmu:13067" type="gene"
        link="https://www.kegg.jp/dbget-bin/www_bget?mmu:13063+mmu:13067">
        <graphics name="Cycs..." fgcolor="#000000" bgcolor="#BFFFBF"
             type="rectangle" x="1150" y="1770" width="46" height="17"/>
    </entry>
    <entry id="526" name="mmu:12371" type="gene"
        link="https://www.kegg.jp/dbget-bin/www_bget?mmu:12371">
        <graphics name="Casp9, APAF-3, CASP-9, Caspase-9, ICE-LAP6, Mch6" fgcolor="#000000" bgcolor="#BFFFBF"
             type="rectangle" x="1279" y="1711" width="46" height="17"/>
    </entry>
    <entry id="536" name="mmu:12313 mmu:12314 mmu:12315 mmu:494124 mmu:70405 mmu:75600 mmu:80796" type="gene"
        link="https://www.kegg.jp/dbget-bin/www_bget?mmu:12313+mmu:12314+mmu:12315+mmu:494124+mmu:70405+mmu:75600+mmu:80796">
        <graphics name="Calm1, CaM, Calm, Cam1..." fgcolor="#000000" bgcolor="#BFFFBF"
             type="rectangle" x="1114" y="1583" width="46" height="17"/>
    </entry>
    <entry id="537" name="mmu:19055 mmu:19056 mmu:19057 mmu:19058 mmu:19059" type="gene"
        link="https://www.kegg.jp/dbget-bin/www_bget?mmu:19055+mmu:19056+mmu:19057+mmu:19058+mmu:19059">
        <graphics name="Ppp3ca, 2900074D19Rik, CN, Caln, Calna, CnA..." fgcolor="#000000" bgcolor="#BFFFBF"
             type="rectangle" x="1192" y="1583" width="46" height="17"/>
    </entry>
    <entry id="555" name="mmu:238055" type="gene"
        link="https://www.kegg.jp/dbget-bin/www_bget?mmu:238055">
        <graphics name="Apob, Apo_B-100, apob-100, apob-48" fgcolor="#000000" bgcolor="#BFFFBF"
             type="rectangle" x="111" y="239" width="46" height="17"/>
    </entry>
    <entry id="556" name="cpd:C00422" type="compound"
        link="https://www.kegg.jp/dbget-bin/www_bget?C00422">
        <graphics name="C00422" fgcolor="#000000" bgcolor="#FFFFFF"
             type="circle" x="96" y="259" width="8" height="8"/>
    </entry>
    <entry id="557" name="cpd:C02530" type="compound"
        link="https://www.kegg.jp/dbget-bin/www_bget?C02530">
        <graphics name="C02530" fgcolor="#000000" bgcolor="#FFFFFF"
             type="circle" x="97" y="282" width="8" height="8"/>
    </entry>
    <entry id="558" name="mmu:11808" type="gene"
        link="https://www.kegg.jp/dbget-bin/www_bget?mmu:11808">
        <graphics name="Apoa4, Apoa-4, apo-AIV, apoA-IV" fgcolor="#000000" bgcolor="#BFFFBF"
             type="rectangle" x="151" y="273" width="46" height="17"/>
    </entry>
    <entry id="559" name="mmu:11806" type="gene"
        link="https://www.kegg.jp/dbget-bin/www_bget?mmu:11806">
        <graphics name="Apoa1, Alp-1, Apoa-1, Brp-14, Ltw-1, Lvtw-1, Sep-1, Sep-2, Sep2, apo-AI, apoA-I" fgcolor="#000000" bgcolor="#BFFFBF"
             type="rectangle" x="111" y="308" width="46" height="17"/>
    </entry>
    <entry id="814" name="path:mmu04979" type="map"
        link="https://www.kegg.jp/dbget-bin/www_bget?mmu04979">
        <graphics name="Cholesterol metabolism" fgcolor="#000000" bgcolor="#FFFFFF"
             type="roundrectangle" x="190" y="342" width="110" height="34"/>
    </entry>
    <entry id="822" name="mmu:19353" type="gene"
        link="https://www.kegg.jp/dbget-bin/www_bget?mmu:19353">
        <graphics name="Rac1, D5Ertd559e" fgcolor="#000000" bgcolor="#BFFFBF"
             type="rectangle" x="454" y="392" width="46" height="17"/>
    </entry>
    <entry id="823" name="mmu:18986 mmu:18987 mmu:18988" type="gene"
        link="https://www.kegg.jp/dbget-bin/www_bget?mmu:18986+mmu:18987+mmu:18988">
        <graphics name="Pou2f1, 2810482H01Rik, NF-A1, Oct-1, Oct1, Otf-1, Otf1..." fgcolor="#000000" bgcolor="#BFFFBF"
             type="rectangle" x="1000" y="245" width="46" height="17"/>
    </entry>
    <entry id="831" name="mmu:108078" type="gene"
        link="https://www.kegg.jp/dbget-bin/www_bget?mmu:108078">
        <graphics name="Olr1, LOX-1, SR-EI, Scare1" fgcolor="#000000" bgcolor="#BFFFBF"
             type="rectangle" x="1243" y="168" width="46" height="17"/>
    </entry>
    <entry id="832" name="mmu:21939" type="gene"
        link="https://www.kegg.jp/dbget-bin/www_bget?mmu:21939">
        <graphics name="Cd40, Bp50, GP39, HIGM1, IGM, IMD3, T-BAM, TRAP, Tnfrsf5, p50" fgcolor="#000000" bgcolor="#BFFFBF"
             type="rectangle" x="1243" y="193" width="46" height="17"/>
    </entry>
    <entry id="833" name="mmu:21947" type="gene"
        link="https://www.kegg.jp/dbget-bin/www_bget?mmu:21947">
        <graphics name="Cd40lg, CD154, CD40-L, Cd40l, HIGM1, IGM, IMD3, Ly-62, Ly62, T-BAM, TRAP, Tnfsf5, Tnlg8b, gp39" fgcolor="#000000" bgcolor="#BFFFBF"
             type="rectangle" x="1295" y="193" width="46" height="17"/>
    </entry>
    <entry id="834" name="mmu:100066 mmu:13076 mmu:13109 mmu:13110 mmu:230459 mmu:242546 mmu:546837 mmu:665095 mmu:74519" type="gene"
        link="https://www.kegg.jp/dbget-bin/www_bget?mmu:100066+mmu:13076+mmu:13109+mmu:13110+mmu:230459+mmu:242546+mmu:546837+mmu:665095+mmu:74519">
        <graphics name="Cyp2j11, Cyp2j11-ps..." fgcolor="#000000" bgcolor="#BFFFBF"
             type="rectangle" x="1244" y="244" width="46" height="17"/>
    </entry>
    <entry id="835" name="mmu:21926" type="gene"
        link="https://www.kegg.jp/dbget-bin/www_bget?mmu:21926">
        <graphics name="Tnf, DIF, TNF-a, TNF-alpha, TNFSF2, TNFalpha, Tnfa, Tnfsf1a, Tnlg1f" fgcolor="#000000" bgcolor="#BFFFBF"
             type="rectangle" x="1244" y="519" width="46" height="17"/>
    </entry>
    <entry id="836" name="ko:K10030" type="ortholog"
        link="https://www.kegg.jp/dbget-bin/www_bget?K10030">
        <graphics name="K10030" fgcolor="#000000" bgcolor="#FFFFFF"
             type="rectangle" x="1295" y="440" width="46" height="17"/>
    </entry>
    <entry id="837" name="mmu:20339" type="gene"
        link="https://www.kegg.jp/dbget-bin/www_bget?mmu:20339">
        <graphics name="Sele, CD62E, E-selectin, ELAM-1, Elam, LECAM2" fgcolor="#000000" bgcolor="#BFFFBF"
             type="rectangle" x="1243" y="398" width="46" height="17"/>
    </entry>
    <entry id="838" name="mmu:20344" type="gene"
        link="https://www.kegg.jp/dbget-bin/www_bget?mmu:20344">
        <graphics name="Selp, CD62P, GMP-140, Grmp, LECAM3, PADGEM" fgcolor="#000000" bgcolor="#BFFFBF"
             type="rectangle" x="1294" y="397" width="46" height="17"/>
    </entry>
    <entry id="843" name="mmu:22031" type="gene"
        link="https://www.kegg.jp/dbget-bin/www_bget?mmu:22031">
        <graphics name="Traf3, CAP-1, CD40bp, CRAF1, LAP1, T-BAM, TRAFAMN, amn" fgcolor="#000000" bgcolor="#BFFFBF"
             type="rectangle" x="646" y="590" width="46" height="17"/>
    </entry>
    <entry id="844" name="mmu:54123" type="gene"
        link="https://www.kegg.jp/dbget-bin/www_bget?mmu:54123">
        <graphics name="Irf7" fgcolor="#000000" bgcolor="#BFFFBF"
             type="rectangle" x="915" y="587" width="46" height="17"/>
    </entry>
    <entry id="845" name="mmu:56480" type="gene"
        link="https://www.kegg.jp/dbget-bin/www_bget?mmu:56480">
        <graphics name="Tbk1, 1200008B05Rik" fgcolor="#000000" bgcolor="#BFFFBF"
             type="rectangle" x="826" y="607" width="46" height="17"/>
    </entry>
    <entry id="846" name="mmu:56489" type="gene"
        link="https://www.kegg.jp/dbget-bin/www_bget?mmu:56489">
        <graphics name="Ikbke, IKK-E, IKK-i, IKKepsilon, Ikki" fgcolor="#000000" bgcolor="#BFFFBF"
             type="rectangle" x="826" y="590" width="46" height="17"/>
    </entry>
    <entry id="847" name="mmu:54131" type="gene"
        link="https://www.kegg.jp/dbget-bin/www_bget?mmu:54131">
        <graphics name="Irf3, C920001K05Rik, IRF-3" fgcolor="#000000" bgcolor="#BFFFBF"
             type="rectangle" x="915" y="610" width="46" height="17"/>
    </entry>
    <entry id="848" name="mmu:225471" type="gene"
        link="https://www.kegg.jp/dbget-bin/www_bget?mmu:225471">
        <graphics name="Ticam2, B430113A10, TICAM-2, TRAM, Tirp, Trif" fgcolor="#000000" bgcolor="#BFFFBF"
             type="rectangle" x="510" y="562" width="46" height="17"/>
    </entry>
    <entry id="849" name="mmu:106759" type="gene"
        link="https://www.kegg.jp/dbget-bin/www_bget?mmu:106759">
        <graphics name="Ticam1, TICAM-1, TRIF" fgcolor="#000000" bgcolor="#BFFFBF"
             type="rectangle" x="573" y="599" width="46" height="17"/>
    </entry>
    <entry id="853" name="mmu:225164 mmu:76580" type="gene"
        link="https://www.kegg.jp/dbget-bin/www_bget?mmu:225164+mmu:76580">
        <graphics name="Mib1, DIP-1, E430019M12Rik, Mib, mindbomb..." fgcolor="#000000" bgcolor="#BFFFBF"
             type="rectangle" x="646" y="606" width="46" height="17"/>
    </entry>
    <entry id="854" name="mmu:21353" type="gene"
        link="https://www.kegg.jp/dbget-bin/www_bget?mmu:21353">
        <graphics name="Tank, E430026L09Rik, I-TRAF" fgcolor="#000000" bgcolor="#BFFFBF"
             type="rectangle" x="731" y="599" width="46" height="17"/>
    </entry>
    <entry id="860" name="mmu:15962 mmu:15964 mmu:15965 mmu:15967 mmu:15968 mmu:15969 mmu:15970 mmu:15972 mmu:15974 mmu:15977 mmu:230396 mmu:230398 mmu:242517 mmu:242519 mmu:404549" type="gene"
        link="https://www.kegg.jp/dbget-bin/www_bget?mmu:15962+mmu:15964+mmu:15965+mmu:15967+mmu:15968+mmu:15969+mmu:15970+mmu:15972+mmu:15974+mmu:15977+mmu:230396+mmu:230398+mmu:242517+mmu:242519+mmu:404549">
        <graphics name="Ifna1, If1ai14, Ifa1..." fgcolor="#000000" bgcolor="#BFFFBF"
             type="rectangle" x="1244" y="597" width="46" height="17"/>
    </entry>
    <entry id="861" name="mmu:24088" type="gene"
        link="https://www.kegg.jp/dbget-bin/www_bget?mmu:24088">
        <graphics name="Tlr2, Ly105" fgcolor="#000000" bgcolor="#BFFFBF"
             type="rectangle" x="430" y="448" width="46" height="17"/>
    </entry>
    <entry id="863" name="mmu:15481 mmu:15482 mmu:15510 mmu:15511 mmu:15512 mmu:15516 mmu:15519 mmu:15525 mmu:193740 mmu:22027" type="gene"
        link="https://www.kegg.jp/dbget-bin/www_bget?mmu:15481+mmu:15482+mmu:15510+mmu:15511+mmu:15512+mmu:15516+mmu:15519+mmu:15525+mmu:193740+mmu:22027">
        <graphics name="Hspa8, 2410008N15Rik, Hsc70, Hsc71, Hsc73, Hsp73, Hspa10..." fgcolor="#000000" bgcolor="#BFFFBF"
             type="rectangle" x="322" y="414" width="46" height="17"/>
    </entry>
    <entry id="866" name="cpd:C00338" type="compound"
        link="https://www.kegg.jp/dbget-bin/www_bget?C00338">
        <graphics name="C00338" fgcolor="#000000" bgcolor="#FFFFFF"
             type="circle" x="309" y="497" width="8" height="8"/>
    </entry>
    <entry id="882" name="mmu:18750" type="gene"
        link="https://www.kegg.jp/dbget-bin/www_bget?mmu:18750">
        <graphics name="Prkca, Pkca" fgcolor="#000000" bgcolor="#BFFFBF"
             type="rectangle" x="792" y="245" width="46" height="17"/>
    </entry>
    <entry id="896" name="mmu:26414 mmu:26419 mmu:26420" type="gene"
        link="https://www.kegg.jp/dbget-bin/www_bget?mmu:26414+mmu:26419+mmu:26420">
        <graphics name="Mapk10, C230008H04Rik, JNK3, JNK3B1, JNK3B2, SAPK(beta), Serk2, p493F12, p54bSAPK..." fgcolor="#000000" bgcolor="#BFFFBF"
             type="rectangle" x="792" y="207" width="46" height="17"/>
    </entry>
    <entry id="898" name="mmu:20656" type="gene"
        link="https://www.kegg.jp/dbget-bin/www_bget?mmu:20656">
        <graphics name="Sod2, MnSOD, Sod-2" fgcolor="#000000" bgcolor="#BFFFBF"
             type="rectangle" x="915" y="207" width="46" height="17"/>
    </entry>
    <entry id="902" name="mmu:26398 mmu:26400" type="gene"
        link="https://www.kegg.jp/dbget-bin/www_bget?mmu:26398+mmu:26400">
        <graphics name="Map2k4, JNKK1, MAPKK_4, MEK4, MKK4, PRKMK4, Sek1, Serk1..." fgcolor="#000000" bgcolor="#BFFFBF"
             type="rectangle" x="827" y="314" width="46" height="17"/>
    </entry>
    <entry id="904" name="mmu:13058 mmu:237038" type="gene"
        link="https://www.kegg.jp/dbget-bin/www_bget?mmu:13058+mmu:237038">
        <graphics name="Cybb, CGD91-phox, Cgd, Cyd, Nox2, gp91-1, gp91phox..." fgcolor="#000000" bgcolor="#BFFFBF"
             type="rectangle" x="408" y="358" width="46" height="17"/>
    </entry>
    <entry id="905" name="mmu:13057" type="gene"
        link="https://www.kegg.jp/dbget-bin/www_bget?mmu:13057">
        <graphics name="Cyba, b558, nmf333, p22-phox, p22phox" fgcolor="#000000" bgcolor="#BFFFBF"
             type="rectangle" x="408" y="375" width="46" height="17"/>
    </entry>
    <entry id="906" name="mmu:17969" type="gene"
        link="https://www.kegg.jp/dbget-bin/www_bget?mmu:17969">
        <graphics name="Ncf1, NCF-47K, NOXO2, Ncf-1, p47-phox, p47&lt;phox&gt;, p47phox" fgcolor="#000000" bgcolor="#BFFFBF"
             type="rectangle" x="454" y="358" width="46" height="17"/>
    </entry>
    <entry id="907" name="mmu:17970" type="gene"
        link="https://www.kegg.jp/dbget-bin/www_bget?mmu:17970">
        <graphics name="Ncf2, NOXA2, Ncf-2, p67phox" fgcolor="#000000" bgcolor="#BFFFBF"
             type="rectangle" x="454" y="375" width="46" height="17"/>
    </entry>
    <entry id="908" name="mmu:17972" type="gene"
        link="https://www.kegg.jp/dbget-bin/www_bget?mmu:17972">
        <graphics name="Ncf4, p40phox" fgcolor="#000000" bgcolor="#BFFFBF"
             type="rectangle" x="408" y="392" width="46" height="17"/>
    </entry>
    <entry id="909" name="mmu:19353" type="gene"
        link="https://www.kegg.jp/dbget-bin/www_bget?mmu:19353">
        <graphics name="Rac1, D5Ertd559e" fgcolor="#000000" bgcolor="#BFFFBF"
             type="rectangle" x="731" y="321" width="46" height="17"/>
    </entry>
    <entry id="910" name="mmu:12540" type="gene"
        link="https://www.kegg.jp/dbget-bin/www_bget?mmu:12540">
        <graphics name="Cdc42" fgcolor="#000000" bgcolor="#BFFFBF"
             type="rectangle" x="731" y="343" width="46" height="17"/>
    </entry>
    <entry id="914" name="mmu:19094 mmu:26415 mmu:26416 mmu:29857" type="gene"
        link="https://www.kegg.jp/dbget-bin/www_bget?mmu:19094+mmu:26415+mmu:26416+mmu:29857">
        <graphics name="Mapk11, P38b, Prkm11, Sapk2, Sapk2b, p38-2, p38beta, p38beta2..." fgcolor="#000000" bgcolor="#BFFFBF"
             type="rectangle" x="915" y="350" width="46" height="17"/>
    </entry>
    <entry id="916" name="mmu:26397 mmu:26399" type="gene"
        link="https://www.kegg.jp/dbget-bin/www_bget?mmu:26397+mmu:26399">
        <graphics name="Map2k3, MAPKK_3, MEK3, MKK3, MKK3b, Prkmk3..." fgcolor="#000000" bgcolor="#BFFFBF"
             type="rectangle" x="827" y="349" width="46" height="17"/>
    </entry>
    <entry id="917" name="mmu:19094 mmu:26415 mmu:26416 mmu:29857" type="gene"
        link="https://www.kegg.jp/dbget-bin/www_bget?mmu:19094+mmu:26415+mmu:26416+mmu:29857">
        <graphics name="Mapk11, P38b, Prkm11, Sapk2, Sapk2b, p38-2, p38beta, p38beta2..." fgcolor="#000000" bgcolor="#BFFFBF"
             type="rectangle" x="827" y="410" width="46" height="17"/>
    </entry>
    <entry id="924" name="mmu:17392 mmu:17395 mmu:83995 mmu:83996" type="gene"
        link="https://www.kegg.jp/dbget-bin/www_bget?mmu:17392+mmu:17395+mmu:83995+mmu:83996">
        <graphics name="Mmp3, EMS-2, MMP-3, SL-1, SLN-1, SLN1, STR-1, Stmy1, Str1..." fgcolor="#000000" bgcolor="#BFFFBF"
             type="rectangle" x="1244" y="468" width="46" height="17"/>
    </entry>
    <entry id="925" name="mmu:14102" type="gene"
        link="https://www.kegg.jp/dbget-bin/www_bget?mmu:14102">
        <graphics name="Fas, APO1, APT1, CD95, TNFR6, Tnfrsf6, lpr" fgcolor="#000000" bgcolor="#BFFFBF"
             type="rectangle" x="1295" y="467" width="46" height="17"/>
    </entry>
    <entry id="931" name="mmu:18127" type="gene"
        link="https://www.kegg.jp/dbget-bin/www_bget?mmu:18127">
        <graphics name="Nos3, 2310065A03Rik, Nos-3, eNOS, ecNOS" fgcolor="#000000" bgcolor="#BFFFBF"
             type="rectangle" x="1243" y="367" width="46" height="17"/>
    </entry>
    <entry id="932" name="mmu:12043" type="gene"
        link="https://www.kegg.jp/dbget-bin/www_bget?mmu:12043">
        <graphics name="Bcl2, Bcl-2, C430015F12Rik, D630044D05Rik, D830018M01Rik" fgcolor="#000000" bgcolor="#BFFFBF"
             type="rectangle" x="1294" y="367" width="46" height="17"/>
    </entry>
    <entry id="945" name="mmu:16173" type="gene"
        link="https://www.kegg.jp/dbget-bin/www_bget?mmu:16173">
        <graphics name="Il18, Igif, Il-18" fgcolor="#000000" bgcolor="#BFFFBF"
             type="rectangle" x="1296" y="1313" width="46" height="17"/>
    </entry>
    <entry id="946" name="mmu:16173" type="gene"
        link="https://www.kegg.jp/dbget-bin/www_bget?mmu:16173">
        <graphics name="Il18, Igif, Il-18" fgcolor="#000000" bgcolor="#BFFFBF"
             type="rectangle" x="1297" y="1385" width="46" height="17"/>
    </entry>
    <entry id="947" name="mmu:216799" type="gene"
        link="https://www.kegg.jp/dbget-bin/www_bget?mmu:216799">
        <graphics name="Nlrp3, AGTAVPRL, AII/AVP, Cias1, FCAS, FCU, MWS, Mmig1, NALP3, Pypaf1" fgcolor="#000000" bgcolor="#BFFFBF"
             type="rectangle" x="1244" y="933" width="46" height="17"/>
    </entry>
    <entry id="949" name="mmu:16176" type="gene"
        link="https://www.kegg.jp/dbget-bin/www_bget?mmu:16176">
        <graphics name="Il1b, IL-1beta, Il-1b" fgcolor="#000000" bgcolor="#BFFFBF"
             type="rectangle" x="1244" y="955" width="46" height="17"/>
    </entry>
    <entry id="950" name="mmu:16173" type="gene"
        link="https://www.kegg.jp/dbget-bin/www_bget?mmu:16173">
        <graphics name="Il18, Igif, Il-18" fgcolor="#000000" bgcolor="#BFFFBF"
             type="rectangle" x="1298" y="955" width="46" height="17"/>
    </entry>
    <entry id="951" name="mmu:17874" type="gene"
        link="https://www.kegg.jp/dbget-bin/www_bget?mmu:17874">
        <graphics name="Myd88" fgcolor="#000000" bgcolor="#BFFFBF"
             type="rectangle" x="643" y="930" width="46" height="17"/>
    </entry>
    <entry id="952" name="mmu:12675 mmu:16150 mmu:16151" type="gene"
        link="https://www.kegg.jp/dbget-bin/www_bget?mmu:12675+mmu:16150+mmu:16151">
        <graphics name="Chuk, Chuk1, Fbx24, Fbxo24, IKBKA, IKK_alpha, IKK1, Ikka, NFKBIKA..." fgcolor="#000000" bgcolor="#BFFFBF"
             type="rectangle" x="1011" y="930" width="46" height="17"/>
    </entry>
    <entry id="953" name="mmu:26409" type="gene"
        link="https://www.kegg.jp/dbget-bin/www_bget?mmu:26409">
        <graphics name="Map3k7, B430101B05, Tak1" fgcolor="#000000" bgcolor="#BFFFBF"
             type="rectangle" x="865" y="930" width="46" height="17"/>
    </entry>
    <entry id="954" name="mmu:16179" type="gene"
        link="https://www.kegg.jp/dbget-bin/www_bget?mmu:16179">
        <graphics name="Irak1, IRAK, IRAK-1, IRAK1-S, IRAK1b, Il1rak, Plpk, mPLK" fgcolor="#000000" bgcolor="#BFFFBF"
             type="rectangle" x="726" y="938" width="46" height="17"/>
    </entry>
    <entry id="955" name="mmu:117149" type="gene"
        link="https://www.kegg.jp/dbget-bin/www_bget?mmu:117149">
        <graphics name="Tirap, C130027E04Rik, Mal, Tlr4ap, Wyatt" fgcolor="#000000" bgcolor="#BFFFBF"
             type="rectangle" x="643" y="913" width="46" height="17"/>
    </entry>
    <entry id="956" name="mmu:22034" type="gene"
        link="https://www.kegg.jp/dbget-bin/www_bget?mmu:22034">
        <graphics name="Traf6, 2310003F17Rik, C630032O20Rik" fgcolor="#000000" bgcolor="#BFFFBF"
             type="rectangle" x="772" y="930" width="46" height="17"/>
    </entry>
    <entry id="957" name="mmu:66513" type="gene"
        link="https://www.kegg.jp/dbget-bin/www_bget?mmu:66513">
        <graphics name="Tab1, 2310012M03Rik, Map3k7ip1, b2b449Clo" fgcolor="#000000" bgcolor="#BFFFBF"
             type="rectangle" x="865" y="896" width="46" height="17"/>
    </entry>
    <entry id="958" name="mmu:68652" type="gene"
        link="https://www.kegg.jp/dbget-bin/www_bget?mmu:68652">
        <graphics name="Tab2, 1110030N06Rik, A530078N03Rik, Map3k7ip2, mKIAA0733" fgcolor="#000000" bgcolor="#BFFFBF"
             type="rectangle" x="865" y="913" width="46" height="17"/>
    </entry>
    <entry id="959" name="mmu:18035" type="gene"
        link="https://www.kegg.jp/dbget-bin/www_bget?mmu:18035">
        <graphics name="Nfkbia, Nfkbi" fgcolor="#000000" bgcolor="#BFFFBF"
             type="rectangle" x="1089" y="930" width="46" height="17"/>
    </entry>
    <entry id="960" name="mmu:266632" type="gene"
        link="https://www.kegg.jp/dbget-bin/www_bget?mmu:266632">
        <graphics name="Irak4, 8430405M07Rik, 9330209D03Rik, IRAK-4, NY-REN-64" fgcolor="#000000" bgcolor="#BFFFBF"
             type="rectangle" x="726" y="921" width="46" height="17"/>
    </entry>
    <entry id="966" name="mmu:18033 mmu:19697" type="gene"
        link="https://www.kegg.jp/dbget-bin/www_bget?mmu:18033+mmu:19697">
        <graphics name="Nfkb1, NF-KB1, NF-kappaB, NF-kappaB1, p105, p50, p50/p105..." fgcolor="#000000" bgcolor="#BFFFBF"
             type="rectangle" x="1089" y="902" width="46" height="17"/>
    </entry>
    <entry id="969" name="mmu:16176" type="gene"
        link="https://www.kegg.jp/dbget-bin/www_bget?mmu:16176">
        <graphics name="Il1b, IL-1beta, Il-1b" fgcolor="#000000" bgcolor="#BFFFBF"
             type="rectangle" x="1244" y="881" width="46" height="17"/>
    </entry>
    <entry id="970" name="mmu:16193" type="gene"
        link="https://www.kegg.jp/dbget-bin/www_bget?mmu:16193">
        <graphics name="Il6, Il-6" fgcolor="#000000" bgcolor="#BFFFBF"
             type="rectangle" x="1298" y="881" width="46" height="17"/>
    </entry>
    <entry id="971" name="mmu:21926" type="gene"
        link="https://www.kegg.jp/dbget-bin/www_bget?mmu:21926">
        <graphics name="Tnf, DIF, TNF-a, TNF-alpha, TNFSF2, TNFalpha, Tnfa, Tnfsf1a, Tnlg1f" fgcolor="#000000" bgcolor="#BFFFBF"
             type="rectangle" x="1298" y="904" width="46" height="17"/>
    </entry>
    <entry id="972" name="mmu:16159 mmu:16160" type="gene"
        link="https://www.kegg.jp/dbget-bin/www_bget?mmu:16159+mmu:16160">
        <graphics name="Il12a, IL-12p35, Il-12a, Ll12a, p35..." fgcolor="#000000" bgcolor="#BFFFBF"
             type="rectangle" x="1244" y="904" width="46" height="17"/>
    </entry>
    <entry id="974" name="path:mmu04670" type="map"
        link="https://www.kegg.jp/dbget-bin/www_bget?mmu04670">
        <graphics name="Leukocyte transendothelial migration" fgcolor="#000000" bgcolor="#FFFFFF"
             type="roundrectangle" x="1394" y="341" width="154" height="34"/>
    </entry>
    <entry id="975" name="mmu:17096" type="gene"
        link="https://www.kegg.jp/dbget-bin/www_bget?mmu:17096">
        <graphics name="Lyn, Hck-2, p53Lyn, p56Lyn" fgcolor="#000000" bgcolor="#BFFFBF"
             type="rectangle" x="476" y="745" width="46" height="17"/>
    </entry>
    <entry id="976" name="mmu:14083" type="gene"
        link="https://www.kegg.jp/dbget-bin/www_bget?mmu:14083">
        <graphics name="Ptk2, FADK_1, FAK, FRNK, Fadk, p125FAK" fgcolor="#000000" bgcolor="#BFFFBF"
             type="rectangle" x="627" y="745" width="46" height="17"/>
    </entry>
    <entry id="977" name="mmu:22324 mmu:22325 mmu:57257" type="gene"
        link="https://www.kegg.jp/dbget-bin/www_bget?mmu:22324+mmu:22325+mmu:57257">
        <graphics name="Vav1, Vav, vav-T..." fgcolor="#000000" bgcolor="#BFFFBF"
             type="rectangle" x="716" y="806" width="46" height="17"/>
    </entry>
    <entry id="987" name="path:mmu04620" type="map"
        link="https://www.kegg.jp/dbget-bin/www_bget?mmu04620">
        <graphics name="Toll-like receptor signaling pathway" fgcolor="#000000" bgcolor="#FFFFFF"
             type="roundrectangle" x="524" y="934" width="133" height="34"/>
    </entry>
    <entry id="989" name="mmu:19016" type="gene"
        link="https://www.kegg.jp/dbget-bin/www_bget?mmu:19016">
        <graphics name="Pparg, Nr1c3, PPAR-gamma, PPAR-gamma2, PPARgamma, PPARgamma2" fgcolor="#000000" bgcolor="#BFFFBF"
             type="rectangle" x="1031" y="697" width="46" height="17"/>
    </entry>
    <entry id="990" name="mmu:20181 mmu:20182 mmu:20183" type="gene"
        link="https://www.kegg.jp/dbget-bin/www_bget?mmu:20181+mmu:20182+mmu:20183">
        <graphics name="Rxra, 9530071D11Rik, Nr2b1, RXRalpha1..." fgcolor="#000000" bgcolor="#BFFFBF"
             type="rectangle" x="1031" y="714" width="46" height="17"/>
    </entry>
    <entry id="994" name="mmu:12491" type="gene"
        link="https://www.kegg.jp/dbget-bin/www_bget?mmu:12491">
        <graphics name="Cd36, FAT, GPIV, Scarb3" fgcolor="#000000" bgcolor="#BFFFBF"
             type="rectangle" x="1244" y="696" width="46" height="17"/>
    </entry>
    <entry id="995" name="mmu:19016" type="gene"
        link="https://www.kegg.jp/dbget-bin/www_bget?mmu:19016">
        <graphics name="Pparg, Nr1c3, PPAR-gamma, PPAR-gamma2, PPARgamma, PPARgamma2" fgcolor="#000000" bgcolor="#BFFFBF"
             type="rectangle" x="1244" y="719" width="46" height="17"/>
    </entry>
    <entry id="997" name="mmu:12028" type="gene"
        link="https://www.kegg.jp/dbget-bin/www_bget?mmu:12028">
        <graphics name="Bax" fgcolor="#000000" bgcolor="#BFFFBF"
             type="rectangle" x="982" y="1743" width="46" height="17"/>
    </entry>
    <entry id="998" name="mmu:12043" type="gene"
        link="https://www.kegg.jp/dbget-bin/www_bget?mmu:12043">
        <graphics name="Bcl2, Bcl-2, C430015F12Rik, D630044D05Rik, D830018M01Rik" fgcolor="#000000" bgcolor="#BFFFBF"
             type="rectangle" x="943" y="1782" width="46" height="17"/>
    </entry>
    <entry id="999" name="mmu:108078" type="gene"
        link="https://www.kegg.jp/dbget-bin/www_bget?mmu:108078">
        <graphics name="Olr1, LOX-1, SR-EI, Scare1" fgcolor="#000000" bgcolor="#BFFFBF"
             type="rectangle" x="780" y="1743" width="46" height="17"/>
    </entry>
    <entry id="1008" name="mmu:16438" type="gene"
        link="https://www.kegg.jp/dbget-bin/www_bget?mmu:16438">
        <graphics name="Itpr1, D6Pas2, Gm10429, IP3R_1, IP3R1, InsP3R, Ip3r, Itpr-1, P400, Pcp-1, Pcp1, insP3R1, opt, wblo" fgcolor="#000000" bgcolor="#BFFFBF"
             type="rectangle" x="681" y="1020" width="46" height="17"/>
    </entry>
    <entry id="1009" name="mmu:50527" type="gene"
        link="https://www.kegg.jp/dbget-bin/www_bget?mmu:50527">
        <graphics name="Ero1a, ERO1-L, Ero1l" fgcolor="#000000" bgcolor="#BFFFBF"
             type="rectangle" x="729" y="1052" width="46" height="17"/>
    </entry>
    <entry id="1010" name="mmu:108058 mmu:12322 mmu:12323 mmu:12325" type="gene"
        link="https://www.kegg.jp/dbget-bin/www_bget?mmu:108058+mmu:12322+mmu:12323+mmu:12325">
        <graphics name="Camk2d, 2810011D23Rik, 8030469K03Rik, CaMK_II, [d]-CaMKII..." fgcolor="#000000" bgcolor="#BFFFBF"
             type="rectangle" x="803" y="1006" width="46" height="17"/>
    </entry>
    <entry id="1011" name="cpd:C00076" type="compound"
        link="https://www.kegg.jp/dbget-bin/www_bget?C00076">
        <graphics name="C00076" fgcolor="#000000" bgcolor="#FFFFFF"
             type="circle" x="680" y="988" width="8" height="8"/>
    </entry>
    <entry id="1055" name="mmu:238055" type="gene"
        link="https://www.kegg.jp/dbget-bin/www_bget?mmu:238055">
        <graphics name="Apob, Apo_B-100, apob-100, apob-48" fgcolor="#000000" bgcolor="#BFFFBF"
             type="rectangle" x="157" y="890" width="46" height="17"/>
    </entry>
    <entry id="1058" name="cpd:C00865" type="compound"
        link="https://www.kegg.jp/dbget-bin/www_bget?C00865">
        <graphics name="C00865" fgcolor="#000000" bgcolor="#FFFFFF"
             type="circle" x="122" y="853" width="8" height="8"/>
    </entry>
    <entry id="1057" name="cpd:C00422" type="compound"
        link="https://www.kegg.jp/dbget-bin/www_bget?C00422">
        <graphics name="C00422" fgcolor="#000000" bgcolor="#FFFFFF"
             type="circle" x="169" y="818" width="8" height="8"/>
    </entry>
    <entry id="1054" name="cpd:C02530" type="compound"
        link="https://www.kegg.jp/dbget-bin/www_bget?C02530">
        <graphics name="C02530" fgcolor="#000000" bgcolor="#FFFFFF"
             type="circle" x="169" y="834" width="8" height="8"/>
    </entry>
    <entry id="1114" name="cpd:C00027 cpd:C00704" type="compound"
        link="https://www.kegg.jp/dbget-bin/www_bget?C00027+C00704">
        <graphics name="C00027..." fgcolor="#000000" bgcolor="#FFFFFF"
             type="circle" x="951" y="897" width="8" height="8"/>
    </entry>
    <entry id="1117" name="mmu:108078" type="gene"
        link="https://www.kegg.jp/dbget-bin/www_bget?mmu:108078">
        <graphics name="Olr1, LOX-1, SR-EI, Scare1" fgcolor="#000000" bgcolor="#BFFFBF"
             type="rectangle" x="1244" y="984" width="46" height="17"/>
    </entry>
    <entry id="1120" name="cpd:C02530" type="compound"
        link="https://www.kegg.jp/dbget-bin/www_bget?C02530">
        <graphics name="C02530" fgcolor="#000000" bgcolor="#FFFFFF"
             type="circle" x="828" y="1257" width="8" height="8"/>
    </entry>
    <entry id="1121" name="mmu:238055" type="gene"
        link="https://www.kegg.jp/dbget-bin/www_bget?mmu:238055">
        <graphics name="Apob, Apo_B-100, apob-100, apob-48" fgcolor="#000000" bgcolor="#BFFFBF"
             type="rectangle" x="165" y="714" width="46" height="17"/>
    </entry>
    <entry id="1122" name="mmu:16835" type="gene"
        link="https://www.kegg.jp/dbget-bin/www_bget?mmu:16835">
        <graphics name="Ldlr, Hlb301" fgcolor="#000000" bgcolor="#BFFFBF"
             type="rectangle" x="165" y="669" width="46" height="17"/>
    </entry>
    <entry id="1123" name="undefined" type="group">
        <graphics fgcolor="#000000" bgcolor="#FFFFFF"
             type="rectangle" x="431" y="375" width="92" height="51"/>
        <component id="822"/>
        <component id="904"/>
        <component id="905"/>
        <component id="906"/>
        <component id="907"/>
        <component id="908"/>
    </entry>
    <entry id="1124" name="undefined" type="group">
        <graphics fgcolor="#000000" bgcolor="#FFFFFF"
             type="rectangle" x="510" y="506" width="46" height="34"/>
        <component id="340"/>
        <component id="345"/>
    </entry>
    <entry id="1125" name="undefined" type="group">
        <graphics fgcolor="#000000" bgcolor="#FFFFFF"
             type="rectangle" x="617" y="516" width="92" height="34"/>
        <component id="344"/>
        <component id="347"/>
        <component id="355"/>
    </entry>
    <entry id="1126" name="undefined" type="group">
        <graphics fgcolor="#000000" bgcolor="#FFFFFF"
             type="rectangle" x="731" y="497" width="46" height="51"/>
        <component id="342"/>
        <component id="348"/>
        <component id="349"/>
    </entry>
    <entry id="1127" name="undefined" type="group">
        <graphics fgcolor="#000000" bgcolor="#FFFFFF"
             type="rectangle" x="646" y="598" width="46" height="33"/>
        <component id="843"/>
        <component id="853"/>
    </entry>
    <entry id="1128" name="undefined" type="group">
        <graphics fgcolor="#000000" bgcolor="#FFFFFF"
             type="rectangle" x="826" y="598" width="46" height="34"/>
        <component id="845"/>
        <component id="846"/>
    </entry>
    <entry id="1129" name="undefined" type="group">
        <graphics fgcolor="#000000" bgcolor="#FFFFFF"
             type="rectangle" x="908" y="835" width="92" height="51"/>
        <component id="436"/>
        <component id="437"/>
        <component id="438"/>
        <component id="439"/>
        <component id="441"/>
    </entry>
    <entry id="1130" name="undefined" type="group">
        <graphics fgcolor="#000000" bgcolor="#FFFFFF"
             type="rectangle" x="643" y="921" width="46" height="34"/>
        <component id="951"/>
        <component id="955"/>
    </entry>
    <entry id="1131" name="undefined" type="group">
        <graphics fgcolor="#000000" bgcolor="#FFFFFF"
             type="rectangle" x="749" y="929" width="92" height="34"/>
        <component id="954"/>
        <component id="956"/>
        <component id="960"/>
    </entry>
    <entry id="1132" name="undefined" type="group">
        <graphics fgcolor="#000000" bgcolor="#FFFFFF"
             type="rectangle" x="865" y="913" width="46" height="51"/>
        <component id="953"/>
        <component id="957"/>
        <component id="958"/>
    </entry>
    <entry id="1133" name="undefined" type="group">
        <graphics fgcolor="#000000" bgcolor="#FFFFFF"
             type="rectangle" x="1031" y="705" width="46" height="34"/>
        <component id="989"/>
        <component id="990"/>
    </entry>
    <relation entry1="290" entry2="291" type="PPrel">
        <subtype name="activation" value="--&gt;"/>
    </relation>
    <relation entry1="278" entry2="274" type="PCrel">
        <subtype name="activation" value="--&gt;"/>
    </relation>
    <relation entry1="278" entry2="275" type="PCrel">
        <subtype name="activation" value="--&gt;"/>
    </relation>
    <relation entry1="288" entry2="290" type="PPrel">
        <subtype name="activation" value="--&gt;"/>
    </relation>
    <relation entry1="288" entry2="291" type="PPrel">
        <subtype name="activation" value="--&gt;"/>
    </relation>
    <relation entry1="291" entry2="289" type="PPrel">
        <subtype name="activation" value="--&gt;"/>
    </relation>
    <relation entry1="274" entry2="289" type="PPrel">
        <subtype name="activation" value="--&gt;"/>
    </relation>
    <relation entry1="294" entry2="292" type="PCrel">
        <subtype name="activation" value="--&gt;"/>
    </relation>
    <relation entry1="292" entry2="293" type="PCrel">
        <subtype name="activation" value="--&gt;"/>
    </relation>
    <relation entry1="293" entry2="298" type="PPrel">
        <subtype name="activation" value="--&gt;"/>
    </relation>
    <relation entry1="293" entry2="299" type="PPrel">
        <subtype name="activation" value="--&gt;"/>
    </relation>
    <relation entry1="1123" entry2="284" type="PCrel">
        <subtype name="activation" value="--&gt;"/>
    </relation>
    <relation entry1="318" entry2="909" type="PPrel">
        <subtype name="activation" value="--&gt;"/>
    </relation>
    <relation entry1="318" entry2="910" type="PPrel">
        <subtype name="activation" value="--&gt;"/>
    </relation>
    <relation entry1="318" entry2="286" type="PPrel">
        <subtype name="activation" value="--&gt;"/>
    </relation>
    <relation entry1="286" entry2="287" type="PPrel">
        <subtype name="activation" value="--&gt;"/>
    </relation>
    <relation entry1="286" entry2="917" type="PPrel">
        <subtype name="activation" value="--&gt;"/>
    </relation>
    <relation entry1="909" entry2="902" type="PPrel">
        <subtype name="activation" value="--&gt;"/>
    </relation>
    <relation entry1="909" entry2="916" type="PPrel">
        <subtype name="activation" value="--&gt;"/>
    </relation>
    <relation entry1="910" entry2="902" type="PPrel">
        <subtype name="activation" value="--&gt;"/>
    </relation>
    <relation entry1="910" entry2="916" type="PPrel">
        <subtype name="activation" value="--&gt;"/>
    </relation>
    <relation entry1="863" entry2="861" type="PPrel">
        <subtype name="activation" value="--&gt;"/>
    </relation>
    <relation entry1="861" entry2="1124" type="PPrel">
        <subtype name="activation" value="--&gt;"/>
    </relation>
    <relation entry1="354" entry2="353" type="PPrel">
        <subtype name="activation" value="--&gt;"/>
    </relation>
    <relation entry1="353" entry2="1124" type="PPrel">
        <subtype name="activation" value="--&gt;"/>
    </relation>
    <relation entry1="340" entry2="1125" type="PPrel">
        <subtype name="activation" value="--&gt;"/>
    </relation>
    <relation entry1="347" entry2="1126" type="PPrel">
        <subtype name="activation" value="--&gt;"/>
    </relation>
    <relation entry1="353" entry2="848" type="PPrel">
        <subtype name="activation" value="--&gt;"/>
    </relation>
    <relation entry1="848" entry2="849" type="PPrel">
        <subtype name="activation" value="--&gt;"/>
    </relation>
    <relation entry1="849" entry2="1127" type="PPrel">
        <subtype name="activation" value="--&gt;"/>
    </relation>
    <relation entry1="1127" entry2="854" type="PPrel">
        <subtype name="activation" value="--&gt;"/>
    </relation>
    <relation entry1="854" entry2="1128" type="PPrel">
        <subtype name="activation" value="--&gt;"/>
    </relation>
    <relation entry1="975" entry2="976" type="PPrel">
        <subtype name="activation" value="--&gt;"/>
    </relation>
    <relation entry1="975" entry2="977" type="PPrel">
        <subtype name="activation" value="--&gt;"/>
    </relation>
    <relation entry1="977" entry2="440" type="PPrel">
        <subtype name="activation" value="--&gt;"/>
    </relation>
    <relation entry1="447" entry2="440" type="PPrel">
        <subtype name="activation" value="--&gt;"/>
    </relation>
    <relation entry1="440" entry2="1129" type="PPrel">
        <subtype name="activation" value="--&gt;"/>
    </relation>
    <relation entry1="437" entry2="1114" type="PCrel">
        <subtype name="activation" value="--&gt;"/>
    </relation>
    <relation entry1="378" entry2="1130" type="PPrel">
        <subtype name="activation" value="--&gt;"/>
    </relation>
    <relation entry1="951" entry2="1131" type="PPrel">
        <subtype name="activation" value="--&gt;"/>
    </relation>
    <relation entry1="956" entry2="1132" type="PPrel">
        <subtype name="activation" value="--&gt;"/>
    </relation>
    <relation entry1="1011" entry2="1010" type="PCrel">
        <subtype name="activation" value="--&gt;"/>
    </relation>
    <relation entry1="382" entry2="385" type="PPrel">
        <subtype name="activation" value="--&gt;"/>
    </relation>
    <relation entry1="385" entry2="386" type="PPrel">
        <subtype name="activation" value="--&gt;"/>
    </relation>
    <relation entry1="383" entry2="401" type="PPrel">
        <subtype name="activation" value="--&gt;"/>
    </relation>
    <relation entry1="401" entry2="458" type="PPrel">
        <subtype name="activation" value="--&gt;"/>
    </relation>
    <relation entry1="401" entry2="381" type="PPrel">
        <subtype name="activation" value="--&gt;"/>
    </relation>
    <relation entry1="401" entry2="467" type="PPrel">
        <subtype name="activation" value="--&gt;"/>
    </relation>
    <relation entry1="496" entry2="19" type="PPrel">
        <subtype name="activation" value="--&gt;"/>
    </relation>
    <relation entry1="19" entry2="5" type="PCrel">
        <subtype name="activation" value="--&gt;"/>
    </relation>
    <relation entry1="5" entry2="17" type="PCrel">
        <subtype name="activation" value="--&gt;"/>
    </relation>
    <relation entry1="5" entry2="18" type="PCrel">
        <subtype name="activation" value="--&gt;"/>
    </relation>
    <relation entry1="18" entry2="17" type="PPrel">
        <subtype name="activation" value="--&gt;"/>
    </relation>
    <relation entry1="5" entry2="279" type="PCrel">
        <subtype name="activation" value="--&gt;"/>
    </relation>
    <relation entry1="279" entry2="281" type="PCrel">
        <subtype name="activation" value="--&gt;"/>
    </relation>
    <relation entry1="536" entry2="537" type="PPrel">
        <subtype name="activation" value="--&gt;"/>
    </relation>
    <relation entry1="506" entry2="503" type="PPrel">
        <subtype name="activation" value="--&gt;"/>
    </relation>
    <relation entry1="505" entry2="502" type="PPrel">
        <subtype name="activation" value="--&gt;"/>
    </relation>
    <relation entry1="507" entry2="504" type="PPrel">
        <subtype name="activation" value="--&gt;"/>
    </relation>
    <relation entry1="515" entry2="517" type="PPrel">
        <subtype name="activation" value="--&gt;"/>
    </relation>
    <relation entry1="515" entry2="514" type="PPrel">
        <subtype name="activation" value="--&gt;"/>
    </relation>
    <relation entry1="515" entry2="513" type="PPrel">
        <subtype name="activation" value="--&gt;"/>
    </relation>
    <relation entry1="515" entry2="512" type="PPrel">
        <subtype name="activation" value="--&gt;"/>
    </relation>
    <relation entry1="526" entry2="514" type="PPrel">
        <subtype name="activation" value="--&gt;"/>
    </relation>
    <relation entry1="526" entry2="513" type="PPrel">
        <subtype name="activation" value="--&gt;"/>
    </relation>
    <relation entry1="526" entry2="512" type="PPrel">
        <subtype name="activation" value="--&gt;"/>
    </relation>
    <relation entry1="274" entry2="288" type="PPrel">
        <subtype name="binding/association" value="---"/>
    </relation>
    <relation entry1="352" entry2="354" type="PPrel">
        <subtype name="binding/association" value="---"/>
    </relation>
    <relation entry1="351" entry2="353" type="PPrel">
        <subtype name="binding/association" value="---"/>
    </relation>
    <relation entry1="376" entry2="975" type="PPrel">
        <subtype name="binding/association" value="---"/>
    </relation>
    <relation entry1="377" entry2="1129" type="PPrel">
        <subtype name="activation" value="--&gt;"/>
        <subtype name="indirect effect" value="..&gt;"/>
    </relation>
    <relation entry1="1114" entry2="966" type="PCrel">
        <subtype name="activation" value="--&gt;"/>
        <subtype name="indirect effect" value="..&gt;"/>
    </relation>
    <relation entry1="378" entry2="434" type="PPrel">
        <subtype name="activation" value="--&gt;"/>
        <subtype name="indirect effect" value="..&gt;"/>
    </relation>
    <relation entry1="434" entry2="447" type="PPrel">
        <subtype name="activation" value="--&gt;"/>
        <subtype name="indirect effect" value="..&gt;"/>
    </relation>
    <relation entry1="1010" entry2="452" type="PCrel">
        <subtype name="activation" value="--&gt;"/>
        <subtype name="indirect effect" value="..&gt;"/>
    </relation>
    <relation entry1="1009" entry2="1008" type="PPrel">
        <subtype name="activation" value="--&gt;"/>
        <subtype name="indirect effect" value="..&gt;"/>
    </relation>
    <relation entry1="503" entry2="515" type="PPrel">
        <subtype name="activation" value="--&gt;"/>
        <subtype name="indirect effect" value="..&gt;"/>
    </relation>
    <relation entry1="502" entry2="515" type="PPrel">
        <subtype name="activation" value="--&gt;"/>
        <subtype name="indirect effect" value="..&gt;"/>
    </relation>
    <relation entry1="504" entry2="515" type="PPrel">
        <subtype name="activation" value="--&gt;"/>
        <subtype name="indirect effect" value="..&gt;"/>
    </relation>
    <relation entry1="293" entry2="308" type="PPrel">
        <subtype name="activation" value="--&gt;"/>
        <subtype name="phosphorylation" value="+p"/>
    </relation>
    <relation entry1="322" entry2="323" type="PPrel">
        <subtype name="activation" value="--&gt;"/>
        <subtype name="phosphorylation" value="+p"/>
    </relation>
    <relation entry1="902" entry2="319" type="PPrel">
        <subtype name="activation" value="--&gt;"/>
        <subtype name="phosphorylation" value="+p"/>
    </relation>
    <relation entry1="319" entry2="320" type="PPrel">
        <subtype name="activation" value="--&gt;"/>
        <subtype name="phosphorylation" value="+p"/>
    </relation>
    <relation entry1="916" entry2="914" type="PPrel">
        <subtype name="activation" value="--&gt;"/>
        <subtype name="phosphorylation" value="+p"/>
    </relation>
    <relation entry1="342" entry2="341" type="PPrel">
        <subtype name="activation" value="--&gt;"/>
        <subtype name="phosphorylation" value="+p"/>
    </relation>
    <relation entry1="341" entry2="350" type="PPrel">
        <subtype name="activation" value="--&gt;"/>
        <subtype name="phosphorylation" value="+p"/>
    </relation>
    <relation entry1="342" entry2="370" type="PPrel">
        <subtype name="activation" value="--&gt;"/>
        <subtype name="phosphorylation" value="+p"/>
    </relation>
    <relation entry1="370" entry2="343" type="PPrel">
        <subtype name="activation" value="--&gt;"/>
        <subtype name="phosphorylation" value="+p"/>
    </relation>
    <relation entry1="342" entry2="368" type="PPrel">
        <subtype name="activation" value="--&gt;"/>
        <subtype name="phosphorylation" value="+p"/>
    </relation>
    <relation entry1="368" entry2="346" type="PPrel">
        <subtype name="activation" value="--&gt;"/>
        <subtype name="phosphorylation" value="+p"/>
    </relation>
    <relation entry1="1128" entry2="844" type="PPrel">
        <subtype name="activation" value="--&gt;"/>
        <subtype name="phosphorylation" value="+p"/>
    </relation>
    <relation entry1="1128" entry2="847" type="PPrel">
        <subtype name="activation" value="--&gt;"/>
        <subtype name="phosphorylation" value="+p"/>
    </relation>
    <relation entry1="1132" entry2="952" type="PPrel">
        <subtype name="activation" value="--&gt;"/>
        <subtype name="phosphorylation" value="+p"/>
    </relation>
    <relation entry1="952" entry2="959" type="PPrel">
        <subtype name="activation" value="--&gt;"/>
        <subtype name="phosphorylation" value="+p"/>
    </relation>
    <relation entry1="959" entry2="966" type="PPrel">
        <subtype name="dissociation" value="-+-"/>
    </relation>
    <relation entry1="289" entry2="308" type="PPrel">
        <subtype name="inhibition" value="--|"/>
        <subtype name="phosphorylation" value="+p"/>
    </relation>
    <relation entry1="293" entry2="302" type="PPrel">
        <subtype name="inhibition" value="--|"/>
        <subtype name="phosphorylation" value="+p"/>
    </relation>
    <relation entry1="293" entry2="297" type="PPrel">
        <subtype name="inhibition" value="--|"/>
        <subtype name="phosphorylation" value="+p"/>
    </relation>
    <relation entry1="274" entry2="896" type="PPrel">
        <subtype name="activation" value="--&gt;"/>
        <subtype name="indirect effect" value="..&gt;"/>
    </relation>
    <relation entry1="274" entry2="882" type="PPrel">
        <subtype name="activation" value="--&gt;"/>
        <subtype name="indirect effect" value="..&gt;"/>
    </relation>
    <relation entry1="882" entry2="823" type="PPrel">
        <subtype name="activation" value="--&gt;"/>
        <subtype name="indirect effect" value="..&gt;"/>
    </relation>
    <relation entry1="274" entry2="1123" type="PPrel">
        <subtype name="activation" value="--&gt;"/>
        <subtype name="indirect effect" value="..&gt;"/>
    </relation>
    <relation entry1="906" entry2="284" type="PCrel">
        <subtype name="activation" value="--&gt;"/>
        <subtype name="indirect effect" value="..&gt;"/>
    </relation>
    <relation entry1="275" entry2="284" type="PCrel">
        <subtype name="activation" value="--&gt;"/>
        <subtype name="indirect effect" value="..&gt;"/>
    </relation>
    <relation entry1="284" entry2="318" type="PCrel">
        <subtype name="activation" value="--&gt;"/>
        <subtype name="indirect effect" value="..&gt;"/>
    </relation>
    <relation entry1="275" entry2="1123" type="PPrel">
        <subtype name="activation" value="--&gt;"/>
        <subtype name="indirect effect" value="..&gt;"/>
    </relation>
    <relation entry1="318" entry2="322" type="PPrel">
        <subtype name="activation" value="--&gt;"/>
        <subtype name="indirect effect" value="..&gt;"/>
    </relation>
    <relation entry1="287" entry2="321" type="PPrel">
        <subtype name="activation" value="--&gt;"/>
        <subtype name="indirect effect" value="..&gt;"/>
    </relation>
    <relation entry1="914" entry2="321" type="PPrel">
        <subtype name="activation" value="--&gt;"/>
        <subtype name="indirect effect" value="..&gt;"/>
    </relation>
    <relation entry1="917" entry2="321" type="PPrel">
        <subtype name="activation" value="--&gt;"/>
        <subtype name="indirect effect" value="..&gt;"/>
    </relation>
    <relation entry1="408" entry2="409" type="PPrel">
        <subtype name="binding/association" value="---"/>
    </relation>
    <relation entry1="409" entry2="410" type="PPrel">
        <subtype name="binding/association" value="---"/>
    </relation>
    <relation entry1="17" entry2="45" type="PPrel">
        <subtype name="inhibition" value="--|"/>
        <subtype name="phosphorylation" value="+p"/>
    </relation>
    <relation entry1="45" entry2="499" type="PPrel">
        <subtype name="inhibition" value="--|"/>
        <subtype name="phosphorylation" value="+p"/>
    </relation>
    <relation entry1="537" entry2="499" type="PPrel">
        <subtype name="activation" value="--&gt;"/>
        <subtype name="dephosphorylation" value="-p"/>
    </relation>
    <relation entry1="998" entry2="997" type="PPrel">
        <subtype name="inhibition" value="--|"/>
    </relation>
    <relation entry1="999" entry2="998" type="PPrel">
        <subtype name="inhibition" value="--|"/>
        <subtype name="indirect effect" value="..&gt;"/>
    </relation>
    <relation entry1="282" entry2="536" type="PCrel">
        <subtype name="binding/association" value="---"/>
    </relation>
    <relation entry1="281" entry2="282" type="PCrel">
        <subtype name="inhibition" value="--|"/>
        <subtype name="indirect effect" value="..&gt;"/>
    </relation>
    <relation entry1="999" entry2="997" type="GErel">
        <subtype name="expression" value="--&gt;"/>
        <subtype name="indirect effect" value="..&gt;"/>
    </relation>
    <relation entry1="823" entry2="831" type="GErel">
        <subtype name="expression" value="--&gt;"/>
    </relation>
    <relation entry1="823" entry2="832" type="GErel">
        <subtype name="expression" value="--&gt;"/>
    </relation>
    <relation entry1="823" entry2="833" type="GErel">
        <subtype name="expression" value="--&gt;"/>
    </relation>
    <relation entry1="320" entry2="324" type="GErel">
        <subtype name="expression" value="--&gt;"/>
    </relation>
    <relation entry1="320" entry2="325" type="GErel">
        <subtype name="expression" value="--&gt;"/>
    </relation>
    <relation entry1="369" entry2="837" type="GErel">
        <subtype name="expression" value="--&gt;"/>
    </relation>
    <relation entry1="369" entry2="838" type="GErel">
        <subtype name="expression" value="--&gt;"/>
    </relation>
    <relation entry1="369" entry2="330" type="GErel">
        <subtype name="expression" value="--&gt;"/>
    </relation>
    <relation entry1="369" entry2="329" type="GErel">
        <subtype name="expression" value="--&gt;"/>
    </relation>
    <relation entry1="369" entry2="331" type="GErel">
        <subtype name="expression" value="--&gt;"/>
    </relation>
    <relation entry1="369" entry2="924" type="GErel">
        <subtype name="expression" value="--&gt;"/>
    </relation>
    <relation entry1="369" entry2="925" type="GErel">
        <subtype name="expression" value="--&gt;"/>
    </relation>
    <relation entry1="369" entry2="327" type="GErel">
        <subtype name="expression" value="--&gt;"/>
    </relation>
    <relation entry1="369" entry2="328" type="GErel">
        <subtype name="expression" value="--&gt;"/>
    </relation>
    <relation entry1="369" entry2="835" type="GErel">
        <subtype name="expression" value="--&gt;"/>
    </relation>
    <relation entry1="844" entry2="860" type="GErel">
        <subtype name="expression" value="--&gt;"/>
    </relation>
    <relation entry1="847" entry2="860" type="GErel">
        <subtype name="expression" value="--&gt;"/>
    </relation>
    <relation entry1="1133" entry2="994" type="GErel">
        <subtype name="expression" value="--&gt;"/>
    </relation>
    <relation entry1="1133" entry2="995" type="GErel">
        <subtype name="expression" value="--&gt;"/>
    </relation>
    <relation entry1="966" entry2="454" type="GErel">
        <subtype name="expression" value="--&gt;"/>
    </relation>
    <relation entry1="966" entry2="455" type="GErel">
        <subtype name="expression" value="--&gt;"/>
    </relation>
    <relation entry1="966" entry2="456" type="GErel">
        <subtype name="expression" value="--&gt;"/>
    </relation>
    <relation entry1="966" entry2="969" type="GErel">
        <subtype name="expression" value="--&gt;"/>
    </relation>
    <relation entry1="966" entry2="970" type="GErel">
        <subtype name="expression" value="--&gt;"/>
    </relation>
    <relation entry1="966" entry2="972" type="GErel">
        <subtype name="expression" value="--&gt;"/>
    </relation>
    <relation entry1="966" entry2="971" type="GErel">
        <subtype name="expression" value="--&gt;"/>
    </relation>
    <relation entry1="966" entry2="947" type="GErel">
        <subtype name="expression" value="--&gt;"/>
    </relation>
    <relation entry1="966" entry2="949" type="GErel">
        <subtype name="expression" value="--&gt;"/>
    </relation>
    <relation entry1="966" entry2="950" type="GErel">
        <subtype name="expression" value="--&gt;"/>
    </relation>
    <relation entry1="966" entry2="1117" type="GErel">
        <subtype name="expression" value="--&gt;"/>
    </relation>
    <relation entry1="389" entry2="1009" type="GErel">
        <subtype name="expression" value="--&gt;"/>
    </relation>
    <relation entry1="386" entry2="389" type="GErel">
        <subtype name="expression" value="--&gt;"/>
    </relation>
    <relation entry1="410" entry2="412" type="PPrel">
        <subtype name="activation" value="--&gt;"/>
    </relation>
    <relation entry1="412" entry2="415" type="PPrel">
        <subtype name="activation" value="--&gt;"/>
    </relation>
    <relation entry1="412" entry2="945" type="PPrel">
        <subtype name="activation" value="--&gt;"/>
    </relation>
    <relation entry1="522" entry2="526" type="PPrel">
        <subtype name="activation" value="--&gt;"/>
    </relation>
    <relation entry1="522" entry2="521" type="PPrel">
        <subtype name="binding/association" value="---"/>
    </relation>
    <relation entry1="823" entry2="834" type="GErel">
        <subtype name="repression" value="--|"/>
    </relation>
    <relation entry1="321" entry2="931" type="GErel">
        <subtype name="repression" value="--|"/>
    </relation>
    <relation entry1="321" entry2="932" type="GErel">
        <subtype name="repression" value="--|"/>
    </relation>
    <relation entry1="321" entry2="837" type="PPrel">
        <subtype name="activation" value="--&gt;"/>
    </relation>
    <relation entry1="321" entry2="838" type="PPrel">
        <subtype name="activation" value="--&gt;"/>
    </relation>
    <relation entry1="321" entry2="330" type="PPrel">
        <subtype name="activation" value="--&gt;"/>
    </relation>
    <relation entry1="321" entry2="329" type="PPrel">
        <subtype name="activation" value="--&gt;"/>
    </relation>
    <relation entry1="321" entry2="331" type="PPrel">
        <subtype name="activation" value="--&gt;"/>
    </relation>
    <relation entry1="321" entry2="924" type="PPrel">
        <subtype name="activation" value="--&gt;"/>
    </relation>
    <relation entry1="321" entry2="925" type="PPrel">
        <subtype name="activation" value="--&gt;"/>
    </relation>
    <relation entry1="321" entry2="327" type="PPrel">
        <subtype name="activation" value="--&gt;"/>
    </relation>
    <relation entry1="321" entry2="328" type="PPrel">
        <subtype name="activation" value="--&gt;"/>
    </relation>
    <relation entry1="321" entry2="835" type="PPrel">
        <subtype name="activation" value="--&gt;"/>
    </relation>
    <relation entry1="896" entry2="898" type="PPrel">
        <subtype name="inhibition" value="--|"/>
        <subtype name="indirect effect" value="..&gt;"/>
    </relation>
    <relation entry1="393" entry2="384" type="PPrel">
        <subtype name="inhibition" value="--|"/>
    </relation>
    <relation entry1="393" entry2="382" type="PPrel">
        <subtype name="inhibition" value="--|"/>
    </relation>
    <relation entry1="393" entry2="383" type="PPrel">
        <subtype name="inhibition" value="--|"/>
    </relation>
    <relation entry1="381" entry2="404" type="PPrel">
        <subtype name="activation" value="--&gt;"/>
        <subtype name="phosphorylation" value="+p"/>
    </relation>
    <relation entry1="404" entry2="462" type="PPrel">
        <subtype name="activation" value="--&gt;"/>
        <subtype name="phosphorylation" value="+p"/>
    </relation>
    <relation entry1="458" entry2="459" type="PPrel">
        <subtype name="activation" value="--&gt;"/>
        <subtype name="indirect effect" value="..&gt;"/>
    </relation>
</pathway>
