<?xml version="1.0"?>
<!DOCTYPE pathway SYSTEM "https://www.kegg.jp/kegg/xml/KGML_v0.7.2_.dtd">
<!-- Creation date: Oct 9, 2019 16:28:21 +0900 (GMT+9) -->
<pathway name="path:mmu00980" org="mmu" number="00980"
         title="Metabolism of xenobiotics by cytochrome P450"
         image="https://www.kegg.jp/kegg/pathway/mmu/mmu00980.png"
         link="https://www.kegg.jp/kegg-bin/show_pathway?mmu00980">
    <entry id="2" name="cpd:C14039" type="compound"
        link="https://www.kegg.jp/dbget-bin/www_bget?C14039">
        <graphics name="C14039" fgcolor="#000000" bgcolor="#FFFFFF"
             type="circle" x="762" y="1103" width="8" height="8"/>
    </entry>
    <entry id="38" name="mmu:13106" type="gene" reaction="rn:R07107"
        link="https://www.kegg.jp/dbget-bin/www_bget?mmu:13106">
        <graphics name="Cyp2e1, CYPIIE1, Cyp2e" fgcolor="#000000" bgcolor="#BFFFBF"
             type="rectangle" x="392" y="1117" width="46" height="17"/>
    </entry>
    <entry id="39" name="mmu:13106" type="gene" reaction="rn:R07089"
        link="https://www.kegg.jp/dbget-bin/www_bget?mmu:13106">
        <graphics name="Cyp2e1, CYPIIE1, Cyp2e" fgcolor="#000000" bgcolor="#BFFFBF"
             type="rectangle" x="820" y="1104" width="46" height="17"/>
    </entry>
    <entry id="40" name="mmu:13106" type="gene" reaction="rn:R07075"
        link="https://www.kegg.jp/dbget-bin/www_bget?mmu:13106">
        <graphics name="Cyp2e1, CYPIIE1, Cyp2e" fgcolor="#000000" bgcolor="#BFFFBF"
             type="rectangle" x="342" y="1300" width="46" height="17"/>
    </entry>
    <entry id="41" name="mmu:13106" type="gene" reaction="rn:R07099"
        link="https://www.kegg.jp/dbget-bin/www_bget?mmu:13106">
        <graphics name="Cyp2e1, CYPIIE1, Cyp2e" fgcolor="#000000" bgcolor="#BFFFBF"
             type="rectangle" x="131" y="1122" width="46" height="17"/>
    </entry>
    <entry id="42" name="mmu:13106" type="gene" reaction="rn:R07066 rn:R07068"
        link="https://www.kegg.jp/dbget-bin/www_bget?mmu:13106">
        <graphics name="Cyp2e1, CYPIIE1, Cyp2e" fgcolor="#000000" bgcolor="#BFFFBF"
             type="rectangle" x="123" y="1346" width="46" height="17"/>
    </entry>
    <entry id="43" name="cpd:C14876" type="compound"
        link="https://www.kegg.jp/dbget-bin/www_bget?C14876">
        <graphics name="C14876" fgcolor="#000000" bgcolor="#FFFFFF"
             type="circle" x="1089" y="1406" width="8" height="8"/>
    </entry>
    <entry id="44" name="cpd:C14875" type="compound"
        link="https://www.kegg.jp/dbget-bin/www_bget?C14875">
        <graphics name="C14875" fgcolor="#000000" bgcolor="#FFFFFF"
             type="circle" x="986" y="1406" width="8" height="8"/>
    </entry>
    <entry id="45" name="cpd:C14877" type="compound"
        link="https://www.kegg.jp/dbget-bin/www_bget?C14877">
        <graphics name="C14877" fgcolor="#000000" bgcolor="#FFFFFF"
             type="circle" x="866" y="1460" width="8" height="8"/>
    </entry>
    <entry id="46" name="cpd:C14874" type="compound"
        link="https://www.kegg.jp/dbget-bin/www_bget?C14874">
        <graphics name="C14874" fgcolor="#000000" bgcolor="#FFFFFF"
             type="circle" x="866" y="1406" width="8" height="8"/>
    </entry>
    <entry id="47" name="cpd:C14873" type="compound"
        link="https://www.kegg.jp/dbget-bin/www_bget?C14873">
        <graphics name="C14873" fgcolor="#000000" bgcolor="#FFFFFF"
             type="circle" x="1087" y="1352" width="8" height="8"/>
    </entry>
    <entry id="48" name="cpd:C14872" type="compound"
        link="https://www.kegg.jp/dbget-bin/www_bget?C14872">
        <graphics name="C14872" fgcolor="#000000" bgcolor="#FFFFFF"
             type="circle" x="1087" y="1339" width="8" height="8"/>
    </entry>
    <entry id="49" name="cpd:C14871" type="compound"
        link="https://www.kegg.jp/dbget-bin/www_bget?C14871">
        <graphics name="C14871" fgcolor="#000000" bgcolor="#FFFFFF"
             type="circle" x="986" y="1345" width="8" height="8"/>
    </entry>
    <entry id="50" name="cpd:C14870" type="compound"
        link="https://www.kegg.jp/dbget-bin/www_bget?C14870">
        <graphics name="C14870" fgcolor="#000000" bgcolor="#FFFFFF"
             type="circle" x="893" y="1345" width="8" height="8"/>
    </entry>
    <entry id="51" name="cpd:C11088" type="compound"
        link="https://www.kegg.jp/dbget-bin/www_bget?C11088">
        <graphics name="C11088" fgcolor="#000000" bgcolor="#FFFFFF"
             type="circle" x="762" y="1345" width="8" height="8"/>
    </entry>
    <entry id="52" name="cpd:C14869" type="compound"
        link="https://www.kegg.jp/dbget-bin/www_bget?C14869">
        <graphics name="C14869" fgcolor="#000000" bgcolor="#FFFFFF"
             type="circle" x="497" y="1152" width="8" height="8"/>
    </entry>
    <entry id="53" name="cpd:C06899" type="compound"
        link="https://www.kegg.jp/dbget-bin/www_bget?C06899">
        <graphics name="C06899" fgcolor="#000000" bgcolor="#FFFFFF"
             type="circle" x="287" y="1111" width="8" height="8"/>
    </entry>
    <entry id="54" name="cpd:C07490" type="compound"
        link="https://www.kegg.jp/dbget-bin/www_bget?C07490">
        <graphics name="C07490" fgcolor="#000000" bgcolor="#FFFFFF"
             type="circle" x="390" y="1152" width="8" height="8"/>
    </entry>
    <entry id="55" name="cpd:C11150" type="compound"
        link="https://www.kegg.jp/dbget-bin/www_bget?C11150">
        <graphics name="C11150" fgcolor="#000000" bgcolor="#FFFFFF"
             type="circle" x="390" y="1071" width="8" height="8"/>
    </entry>
    <entry id="56" name="cpd:C11149" type="compound"
        link="https://www.kegg.jp/dbget-bin/www_bget?C11149">
        <graphics name="C11149" fgcolor="#000000" bgcolor="#FFFFFF"
             type="circle" x="390" y="1027" width="8" height="8"/>
    </entry>
    <entry id="57" name="cpd:C14867" type="compound"
        link="https://www.kegg.jp/dbget-bin/www_bget?C14867">
        <graphics name="C14867" fgcolor="#000000" bgcolor="#FFFFFF"
             type="circle" x="262" y="1027" width="8" height="8"/>
    </entry>
    <entry id="58" name="cpd:C14866" type="compound"
        link="https://www.kegg.jp/dbget-bin/www_bget?C14866">
        <graphics name="C14866" fgcolor="#000000" bgcolor="#FFFFFF"
             type="circle" x="195" y="1111" width="8" height="8"/>
    </entry>
    <entry id="59" name="cpd:C14868" type="compound"
        link="https://www.kegg.jp/dbget-bin/www_bget?C14868">
        <graphics name="C14868" fgcolor="#000000" bgcolor="#FFFFFF"
             type="circle" x="169" y="1164" width="8" height="8"/>
    </entry>
    <entry id="60" name="cpd:C14863" type="compound"
        link="https://www.kegg.jp/dbget-bin/www_bget?C14863">
        <graphics name="C14863" fgcolor="#000000" bgcolor="#FFFFFF"
             type="circle" x="1154" y="1143" width="8" height="8"/>
    </entry>
    <entry id="61" name="cpd:C14862" type="compound"
        link="https://www.kegg.jp/dbget-bin/www_bget?C14862">
        <graphics name="C14862" fgcolor="#000000" bgcolor="#FFFFFF"
             type="circle" x="1154" y="1063" width="8" height="8"/>
    </entry>
    <entry id="62" name="cpd:C14865" type="compound"
        link="https://www.kegg.jp/dbget-bin/www_bget?C14865">
        <graphics name="C14865" fgcolor="#000000" bgcolor="#FFFFFF"
             type="circle" x="1038" y="1103" width="8" height="8"/>
    </entry>
    <entry id="63" name="cpd:C14861" type="compound"
        link="https://www.kegg.jp/dbget-bin/www_bget?C14861">
        <graphics name="C14861" fgcolor="#000000" bgcolor="#FFFFFF"
             type="circle" x="999" y="1060" width="8" height="8"/>
    </entry>
    <entry id="64" name="cpd:C14864" type="compound"
        link="https://www.kegg.jp/dbget-bin/www_bget?C14864">
        <graphics name="C14864" fgcolor="#000000" bgcolor="#FFFFFF"
             type="circle" x="998" y="1147" width="8" height="8"/>
    </entry>
    <entry id="65" name="cpd:C06755" type="compound"
        link="https://www.kegg.jp/dbget-bin/www_bget?C06755">
        <graphics name="C06755" fgcolor="#000000" bgcolor="#FFFFFF"
             type="circle" x="893" y="1210" width="8" height="8"/>
    </entry>
    <entry id="66" name="cpd:C14857" type="compound"
        link="https://www.kegg.jp/dbget-bin/www_bget?C14857">
        <graphics name="C14857" fgcolor="#000000" bgcolor="#FFFFFF"
             type="circle" x="893" y="1103" width="8" height="8"/>
    </entry>
    <entry id="67" name="cpd:C14858" type="compound"
        link="https://www.kegg.jp/dbget-bin/www_bget?C14858">
        <graphics name="C14858" fgcolor="#000000" bgcolor="#FFFFFF"
             type="circle" x="893" y="1060" width="8" height="8"/>
    </entry>
    <entry id="68" name="cpd:C14860" type="compound"
        link="https://www.kegg.jp/dbget-bin/www_bget?C14860">
        <graphics name="C14860" fgcolor="#000000" bgcolor="#FFFFFF"
             type="circle" x="893" y="1012" width="8" height="8"/>
    </entry>
    <entry id="69" name="cpd:C11036" type="compound"
        link="https://www.kegg.jp/dbget-bin/www_bget?C11036">
        <graphics name="C11036" fgcolor="#000000" bgcolor="#FFFFFF"
             type="circle" x="64" y="1345" width="8" height="8"/>
    </entry>
    <entry id="70" name="cpd:C14842" type="compound"
        link="https://www.kegg.jp/dbget-bin/www_bget?C14842">
        <graphics name="C14842" fgcolor="#000000" bgcolor="#FFFFFF"
             type="circle" x="370" y="1351" width="8" height="8"/>
    </entry>
    <entry id="71" name="cpd:C14844" type="compound"
        link="https://www.kegg.jp/dbget-bin/www_bget?C14844">
        <graphics name="C14844" fgcolor="#000000" bgcolor="#FFFFFF"
             type="circle" x="370" y="1338" width="8" height="8"/>
    </entry>
    <entry id="72" name="mmu:100042295 mmu:100042314 mmu:103140 mmu:14857 mmu:14858 mmu:14859 mmu:14860 mmu:14862 mmu:14863 mmu:14864 mmu:14865 mmu:14866 mmu:14867 mmu:14871 mmu:14872 mmu:14873 mmu:211666 mmu:54486 mmu:56615 mmu:66447 mmu:68214 mmu:68312 mmu:75886 mmu:76263" type="gene" reaction="rn:R07116"
        link="https://www.kegg.jp/dbget-bin/www_bget?mmu:100042295+mmu:100042314+mmu:103140+mmu:14857+mmu:14858+mmu:14859+mmu:14860+mmu:14862+mmu:14863+mmu:14864+mmu:14865+mmu:14866+mmu:14867+mmu:14871+mmu:14872+mmu:14873+mmu:211666+mmu:54486+mmu:56615+mmu:66447+mmu:68214+mmu:68312+mmu:75886+mmu:76263">
        <graphics name="Gsta13, Gm3776, Timd5..." fgcolor="#000000" bgcolor="#BFFFBF"
             type="rectangle" x="935" y="1344" width="46" height="17"/>
    </entry>
    <entry id="73" name="mmu:100042295 mmu:100042314 mmu:103140 mmu:14857 mmu:14858 mmu:14859 mmu:14860 mmu:14862 mmu:14863 mmu:14864 mmu:14865 mmu:14866 mmu:14867 mmu:14871 mmu:14872 mmu:14873 mmu:211666 mmu:54486 mmu:56615 mmu:66447 mmu:68214 mmu:68312 mmu:75886 mmu:76263" type="gene" reaction="rn:R07113"
        link="https://www.kegg.jp/dbget-bin/www_bget?mmu:100042295+mmu:100042314+mmu:103140+mmu:14857+mmu:14858+mmu:14859+mmu:14860+mmu:14862+mmu:14863+mmu:14864+mmu:14865+mmu:14866+mmu:14867+mmu:14871+mmu:14872+mmu:14873+mmu:211666+mmu:54486+mmu:56615+mmu:66447+mmu:68214+mmu:68312+mmu:75886+mmu:76263">
        <graphics name="Gsta13, Gm3776, Timd5..." fgcolor="#000000" bgcolor="#BFFFBF"
             type="rectangle" x="809" y="1407" width="46" height="17"/>
    </entry>
    <entry id="74" name="mmu:13106" type="gene" reaction="rn:R07112"
        link="https://www.kegg.jp/dbget-bin/www_bget?mmu:13106">
        <graphics name="Cyp2e1, CYPIIE1, Cyp2e" fgcolor="#000000" bgcolor="#BFFFBF"
             type="rectangle" x="820" y="1346" width="46" height="17"/>
    </entry>
    <entry id="75" name="mmu:100559 mmu:100727 mmu:112417 mmu:22236 mmu:22238 mmu:231396 mmu:243085 mmu:394430 mmu:394432 mmu:394433 mmu:394434 mmu:394435 mmu:394436 mmu:552899 mmu:613123 mmu:71773 mmu:72094 mmu:94215 mmu:94284" type="gene" reaction="rn:R07106"
        link="https://www.kegg.jp/dbget-bin/www_bget?mmu:100559+mmu:100727+mmu:112417+mmu:22236+mmu:22238+mmu:231396+mmu:243085+mmu:394430+mmu:394432+mmu:394433+mmu:394434+mmu:394435+mmu:394436+mmu:552899+mmu:613123+mmu:71773+mmu:72094+mmu:94215+mmu:94284">
        <graphics name="Ugt2b38, 9430041C03Rik..." fgcolor="#000000" bgcolor="#BFFFBF"
             type="rectangle" x="445" y="1153" width="46" height="17"/>
    </entry>
    <entry id="76" name="mmu:11670 mmu:621603 mmu:67689 mmu:73458" type="gene" reaction="rn:R07104"
        link="https://www.kegg.jp/dbget-bin/www_bget?mmu:11670+mmu:621603+mmu:67689+mmu:73458">
        <graphics name="Aldh3a1, Ahd-4, Ahd4, Aldh, Aldh3..." fgcolor="#000000" bgcolor="#BFFFBF"
             type="rectangle" x="335" y="1074" width="46" height="17"/>
    </entry>
    <entry id="77" name="mmu:11522 mmu:11529 mmu:11532 mmu:26876" type="gene" reaction="rn:R07105"
        link="https://www.kegg.jp/dbget-bin/www_bget?mmu:11522+mmu:11529+mmu:11532+mmu:26876">
        <graphics name="Adh1, ADH-A2, ADH-AA, Adh-1, Adh-1-t, Adh-1e, Adh-1t, Adh-3e, Adh1-e, Adh1-t, Adh1tl, Adh3-e..." fgcolor="#000000" bgcolor="#BFFFBF"
             type="rectangle" x="335" y="1153" width="46" height="17"/>
    </entry>
    <entry id="78" name="mmu:100042295 mmu:100042314 mmu:100042625 mmu:103140 mmu:14857 mmu:14858 mmu:14859 mmu:14860 mmu:14862 mmu:14863 mmu:14864 mmu:14865 mmu:14866 mmu:14867 mmu:14869 mmu:14870 mmu:14871 mmu:14872 mmu:14873 mmu:211666 mmu:225884 mmu:54486 mmu:56615 mmu:66447 mmu:68214 mmu:68312 mmu:75886 mmu:76263" type="gene" reaction="rn:R07100"
        link="https://www.kegg.jp/dbget-bin/www_bget?mmu:100042295+mmu:100042314+mmu:100042625+mmu:103140+mmu:14857+mmu:14858+mmu:14859+mmu:14860+mmu:14862+mmu:14863+mmu:14864+mmu:14865+mmu:14866+mmu:14867+mmu:14869+mmu:14870+mmu:14871+mmu:14872+mmu:14873+mmu:211666+mmu:225884+mmu:54486+mmu:56615+mmu:66447+mmu:68214+mmu:68312+mmu:75886+mmu:76263">
        <graphics name="Gsta13, Gm3776, Timd5..." fgcolor="#000000" bgcolor="#BFFFBF"
             type="rectangle" x="111" y="1164" width="46" height="17"/>
    </entry>
    <entry id="79" name="mmu:100042295 mmu:100042314 mmu:100042625 mmu:103140 mmu:14857 mmu:14858 mmu:14859 mmu:14860 mmu:14862 mmu:14863 mmu:14864 mmu:14865 mmu:14866 mmu:14867 mmu:14869 mmu:14870 mmu:14871 mmu:14872 mmu:14873 mmu:211666 mmu:225884 mmu:54486 mmu:56615 mmu:66447 mmu:68214 mmu:68312 mmu:75886 mmu:76263" type="gene" reaction="rn:R07070"
        link="https://www.kegg.jp/dbget-bin/www_bget?mmu:100042295+mmu:100042314+mmu:100042625+mmu:103140+mmu:14857+mmu:14858+mmu:14859+mmu:14860+mmu:14862+mmu:14863+mmu:14864+mmu:14865+mmu:14866+mmu:14867+mmu:14869+mmu:14870+mmu:14871+mmu:14872+mmu:14873+mmu:211666+mmu:225884+mmu:54486+mmu:56615+mmu:66447+mmu:68214+mmu:68312+mmu:75886+mmu:76263">
        <graphics name="Gsta13, Gm3776, Timd5..." fgcolor="#000000" bgcolor="#BFFFBF"
             type="rectangle" x="245" y="1409" width="46" height="17"/>
    </entry>
    <entry id="80" name="mmu:100042295 mmu:100042314 mmu:100042625 mmu:103140 mmu:14857 mmu:14858 mmu:14859 mmu:14860 mmu:14862 mmu:14863 mmu:14864 mmu:14865 mmu:14866 mmu:14867 mmu:14869 mmu:14870 mmu:14871 mmu:14872 mmu:14873 mmu:211666 mmu:225884 mmu:54486 mmu:56615 mmu:66447 mmu:68214 mmu:68312 mmu:75886 mmu:76263" type="gene" reaction="rn:R07092"
        link="https://www.kegg.jp/dbget-bin/www_bget?mmu:100042295+mmu:100042314+mmu:100042625+mmu:103140+mmu:14857+mmu:14858+mmu:14859+mmu:14860+mmu:14862+mmu:14863+mmu:14864+mmu:14865+mmu:14866+mmu:14867+mmu:14869+mmu:14870+mmu:14871+mmu:14872+mmu:14873+mmu:211666+mmu:225884+mmu:54486+mmu:56615+mmu:66447+mmu:68214+mmu:68312+mmu:75886+mmu:76263">
        <graphics name="Gsta13, Gm3776, Timd5..." fgcolor="#000000" bgcolor="#BFFFBF"
             type="rectangle" x="948" y="1104" width="46" height="17"/>
    </entry>
    <entry id="81" name="mmu:13849" type="gene" reaction="rn:R07071 rn:R07072"
        link="https://www.kegg.jp/dbget-bin/www_bget?mmu:13849">
        <graphics name="Ephx1, EH, Eph-1, Eph1, Epxh1, mEH" fgcolor="#000000" bgcolor="#BFFFBF"
             type="rectangle" x="290" y="1345" width="46" height="17"/>
    </entry>
    <entry id="82" name="mmu:100042295 mmu:100042314 mmu:100042625 mmu:103140 mmu:14857 mmu:14858 mmu:14859 mmu:14860 mmu:14862 mmu:14863 mmu:14864 mmu:14865 mmu:14866 mmu:14867 mmu:14869 mmu:14870 mmu:14871 mmu:14872 mmu:14873 mmu:211666 mmu:225884 mmu:54486 mmu:56615 mmu:66447 mmu:68214 mmu:68312 mmu:75886 mmu:76263" type="gene" reaction="rn:R07091"
        link="https://www.kegg.jp/dbget-bin/www_bget?mmu:100042295+mmu:100042314+mmu:100042625+mmu:103140+mmu:14857+mmu:14858+mmu:14859+mmu:14860+mmu:14862+mmu:14863+mmu:14864+mmu:14865+mmu:14866+mmu:14867+mmu:14869+mmu:14870+mmu:14871+mmu:14872+mmu:14873+mmu:211666+mmu:225884+mmu:54486+mmu:56615+mmu:66447+mmu:68214+mmu:68312+mmu:75886+mmu:76263">
        <graphics name="Gsta13, Gm3776, Timd5..." fgcolor="#000000" bgcolor="#BFFFBF"
             type="rectangle" x="948" y="1061" width="46" height="17"/>
    </entry>
    <entry id="83" name="cpd:C14845" type="compound"
        link="https://www.kegg.jp/dbget-bin/www_bget?C14845">
        <graphics name="C14845" fgcolor="#000000" bgcolor="#FFFFFF"
             type="circle" x="402" y="1299" width="8" height="8"/>
    </entry>
    <entry id="84" name="cpd:C14847" type="compound"
        link="https://www.kegg.jp/dbget-bin/www_bget?C14847">
        <graphics name="C14847" fgcolor="#000000" bgcolor="#FFFFFF"
             type="circle" x="296" y="1247" width="8" height="8"/>
    </entry>
    <entry id="85" name="cpd:C14846" type="compound"
        link="https://www.kegg.jp/dbget-bin/www_bget?C14846">
        <graphics name="C14846" fgcolor="#000000" bgcolor="#FFFFFF"
             type="circle" x="565" y="1299" width="8" height="8"/>
    </entry>
    <entry id="86" name="cpd:C14848" type="compound"
        link="https://www.kegg.jp/dbget-bin/www_bget?C14848">
        <graphics name="C14848" fgcolor="#000000" bgcolor="#FFFFFF"
             type="circle" x="296" y="1409" width="8" height="8"/>
    </entry>
    <entry id="87" name="cpd:C14843" type="compound"
        link="https://www.kegg.jp/dbget-bin/www_bget?C14843">
        <graphics name="C14843" fgcolor="#000000" bgcolor="#FFFFFF"
             type="circle" x="482" y="1299" width="8" height="8"/>
    </entry>
    <entry id="88" name="cpd:C14453" type="compound"
        link="https://www.kegg.jp/dbget-bin/www_bget?C14453">
        <graphics name="C14453" fgcolor="#000000" bgcolor="#FFFFFF"
             type="circle" x="296" y="1299" width="8" height="8"/>
    </entry>
    <entry id="89" name="cpd:C14841" type="compound"
        link="https://www.kegg.jp/dbget-bin/www_bget?C14841">
        <graphics name="C14841" fgcolor="#000000" bgcolor="#FFFFFF"
             type="circle" x="296" y="1388" width="8" height="8"/>
    </entry>
    <entry id="90" name="mmu:100042295 mmu:100042314 mmu:100042625 mmu:103140 mmu:14857 mmu:14858 mmu:14859 mmu:14860 mmu:14862 mmu:14863 mmu:14864 mmu:14865 mmu:14866 mmu:14867 mmu:14869 mmu:14870 mmu:14871 mmu:14872 mmu:14873 mmu:211666 mmu:225884 mmu:54486 mmu:56615 mmu:66447 mmu:68214 mmu:68312 mmu:75886 mmu:76263" type="gene" reaction="rn:R07093"
        link="https://www.kegg.jp/dbget-bin/www_bget?mmu:100042295+mmu:100042314+mmu:100042625+mmu:103140+mmu:14857+mmu:14858+mmu:14859+mmu:14860+mmu:14862+mmu:14863+mmu:14864+mmu:14865+mmu:14866+mmu:14867+mmu:14869+mmu:14870+mmu:14871+mmu:14872+mmu:14873+mmu:211666+mmu:225884+mmu:54486+mmu:56615+mmu:66447+mmu:68214+mmu:68312+mmu:75886+mmu:76263">
        <graphics name="Gsta13, Gm3776, Timd5..." fgcolor="#000000" bgcolor="#BFFFBF"
             type="rectangle" x="948" y="1148" width="46" height="17"/>
    </entry>
    <entry id="91" name="path:mmu00980" type="map"
        link="https://www.kegg.jp/dbget-bin/www_bget?mmu00980">
        <graphics name="TITLE:Metabolism of xenobiotics by cytochrome P450" fgcolor="#000000" bgcolor="#FFFFFF"
             type="roundrectangle" x="243" y="58" width="406" height="25"/>
    </entry>
    <entry id="92" name="mmu:100042295 mmu:100042314 mmu:100042625 mmu:103140 mmu:14857 mmu:14858 mmu:14859 mmu:14860 mmu:14862 mmu:14863 mmu:14864 mmu:14865 mmu:14866 mmu:14867 mmu:14869 mmu:14870 mmu:14871 mmu:14872 mmu:14873 mmu:211666 mmu:225884 mmu:54486 mmu:56615 mmu:66447 mmu:68214 mmu:68312 mmu:75886 mmu:76263" type="gene" reaction="rn:R07094"
        link="https://www.kegg.jp/dbget-bin/www_bget?mmu:100042295+mmu:100042314+mmu:100042625+mmu:103140+mmu:14857+mmu:14858+mmu:14859+mmu:14860+mmu:14862+mmu:14863+mmu:14864+mmu:14865+mmu:14866+mmu:14867+mmu:14869+mmu:14870+mmu:14871+mmu:14872+mmu:14873+mmu:211666+mmu:225884+mmu:54486+mmu:56615+mmu:66447+mmu:68214+mmu:68312+mmu:75886+mmu:76263">
        <graphics name="Gsta13, Gm3776, Timd5..." fgcolor="#000000" bgcolor="#BFFFBF"
             type="rectangle" x="1093" y="1144" width="46" height="17"/>
    </entry>
    <entry id="93" name="mmu:100042295 mmu:100042314 mmu:100042625 mmu:103140 mmu:14857 mmu:14858 mmu:14859 mmu:14860 mmu:14862 mmu:14863 mmu:14864 mmu:14865 mmu:14866 mmu:14867 mmu:14869 mmu:14870 mmu:14871 mmu:14872 mmu:14873 mmu:211666 mmu:225884 mmu:54486 mmu:56615 mmu:66447 mmu:68214 mmu:68312 mmu:75886 mmu:76263" type="gene" reaction="rn:R07069"
        link="https://www.kegg.jp/dbget-bin/www_bget?mmu:100042295+mmu:100042314+mmu:100042625+mmu:103140+mmu:14857+mmu:14858+mmu:14859+mmu:14860+mmu:14862+mmu:14863+mmu:14864+mmu:14865+mmu:14866+mmu:14867+mmu:14869+mmu:14870+mmu:14871+mmu:14872+mmu:14873+mmu:211666+mmu:225884+mmu:54486+mmu:56615+mmu:66447+mmu:68214+mmu:68312+mmu:75886+mmu:76263">
        <graphics name="Gsta13, Gm3776, Timd5..." fgcolor="#000000" bgcolor="#BFFFBF"
             type="rectangle" x="245" y="1248" width="46" height="17"/>
    </entry>
    <entry id="96" name="cpd:C14840" type="compound"
        link="https://www.kegg.jp/dbget-bin/www_bget?C14840">
        <graphics name="C14840" fgcolor="#000000" bgcolor="#FFFFFF"
             type="circle" x="196" y="1351" width="8" height="8"/>
    </entry>
    <entry id="104" name="mmu:13076 mmu:13077" type="gene" reaction="rn:R07022 rn:R07021"
        link="https://www.kegg.jp/dbget-bin/www_bget?mmu:13076+mmu:13077">
        <graphics name="Cyp1a1, AHH, AHRR, CP11, CYPIA1, P450-1..." fgcolor="#000000" bgcolor="#BFFFBF"
             type="rectangle" x="820" y="865" width="46" height="17"/>
    </entry>
    <entry id="105" name="cpd:C14040" type="compound"
        link="https://www.kegg.jp/dbget-bin/www_bget?C14040">
        <graphics name="C14040" fgcolor="#000000" bgcolor="#FFFFFF"
             type="circle" x="762" y="875" width="8" height="8"/>
    </entry>
    <entry id="106" name="mmu:100042295 mmu:100042314 mmu:100042625 mmu:103140 mmu:14857 mmu:14858 mmu:14859 mmu:14860 mmu:14862 mmu:14863 mmu:14864 mmu:14865 mmu:14866 mmu:14867 mmu:14869 mmu:14870 mmu:14871 mmu:14872 mmu:14873 mmu:211666 mmu:225884 mmu:54486 mmu:56615 mmu:66447 mmu:68214 mmu:68312 mmu:75886 mmu:76263" type="gene" reaction="rn:R07024 rn:R07023"
        link="https://www.kegg.jp/dbget-bin/www_bget?mmu:100042295+mmu:100042314+mmu:100042625+mmu:103140+mmu:14857+mmu:14858+mmu:14859+mmu:14860+mmu:14862+mmu:14863+mmu:14864+mmu:14865+mmu:14866+mmu:14867+mmu:14869+mmu:14870+mmu:14871+mmu:14872+mmu:14873+mmu:211666+mmu:225884+mmu:54486+mmu:56615+mmu:66447+mmu:68214+mmu:68312+mmu:75886+mmu:76263">
        <graphics name="Gsta13, Gm3776, Timd5..." fgcolor="#000000" bgcolor="#BFFFBF"
             type="rectangle" x="942" y="943" width="46" height="17"/>
    </entry>
    <entry id="107" name="cpd:C14805" type="compound"
        link="https://www.kegg.jp/dbget-bin/www_bget?C14805">
        <graphics name="C14805" fgcolor="#000000" bgcolor="#FFFFFF"
             type="circle" x="997" y="810" width="8" height="8"/>
    </entry>
    <entry id="108" name="cpd:C14790" type="compound"
        link="https://www.kegg.jp/dbget-bin/www_bget?C14790">
        <graphics name="C14790" fgcolor="#000000" bgcolor="#FFFFFF"
             type="circle" x="954" y="759" width="8" height="8"/>
    </entry>
    <entry id="109" name="cpd:C14803" type="compound"
        link="https://www.kegg.jp/dbget-bin/www_bget?C14803">
        <graphics name="C14803" fgcolor="#000000" bgcolor="#FFFFFF"
             type="circle" x="997" y="949" width="8" height="8"/>
    </entry>
    <entry id="110" name="cpd:C14789" type="compound"
        link="https://www.kegg.jp/dbget-bin/www_bget?C14789">
        <graphics name="C14789" fgcolor="#000000" bgcolor="#FFFFFF"
             type="circle" x="858" y="759" width="8" height="8"/>
    </entry>
    <entry id="111" name="cpd:C14806" type="compound"
        link="https://www.kegg.jp/dbget-bin/www_bget?C14806">
        <graphics name="C14806" fgcolor="#000000" bgcolor="#FFFFFF"
             type="circle" x="997" y="822" width="8" height="8"/>
    </entry>
    <entry id="112" name="cpd:C14801" type="compound"
        link="https://www.kegg.jp/dbget-bin/www_bget?C14801">
        <graphics name="C14801" fgcolor="#000000" bgcolor="#FFFFFF"
             type="circle" x="1067" y="867" width="8" height="8"/>
    </entry>
    <entry id="113" name="cpd:C14804" type="compound"
        link="https://www.kegg.jp/dbget-bin/www_bget?C14804">
        <graphics name="C14804" fgcolor="#000000" bgcolor="#FFFFFF"
             type="circle" x="997" y="936" width="8" height="8"/>
    </entry>
    <entry id="114" name="cpd:C14788" type="compound"
        link="https://www.kegg.jp/dbget-bin/www_bget?C14788">
        <graphics name="C14788" fgcolor="#000000" bgcolor="#FFFFFF"
             type="circle" x="762" y="759" width="8" height="8"/>
    </entry>
    <entry id="115" name="mmu:13849" type="gene" reaction="rn:R07027"
        link="https://www.kegg.jp/dbget-bin/www_bget?mmu:13849">
        <graphics name="Ephx1, EH, Eph-1, Eph1, Epxh1, mEH" fgcolor="#000000" bgcolor="#BFFFBF"
             type="rectangle" x="986" y="868" width="46" height="17"/>
    </entry>
    <entry id="116" name="mmu:100042295 mmu:100042314 mmu:100042625 mmu:103140 mmu:14857 mmu:14858 mmu:14859 mmu:14860 mmu:14862 mmu:14863 mmu:14864 mmu:14865 mmu:14866 mmu:14867 mmu:14869 mmu:14870 mmu:14871 mmu:14872 mmu:14873 mmu:211666 mmu:225884 mmu:54486 mmu:56615 mmu:66447 mmu:68214 mmu:68312 mmu:75886 mmu:76263" type="gene" reaction="rn:R07025 rn:R07026"
        link="https://www.kegg.jp/dbget-bin/www_bget?mmu:100042295+mmu:100042314+mmu:100042625+mmu:103140+mmu:14857+mmu:14858+mmu:14859+mmu:14860+mmu:14862+mmu:14863+mmu:14864+mmu:14865+mmu:14866+mmu:14867+mmu:14869+mmu:14870+mmu:14871+mmu:14872+mmu:14873+mmu:211666+mmu:225884+mmu:54486+mmu:56615+mmu:66447+mmu:68214+mmu:68312+mmu:75886+mmu:76263">
        <graphics name="Gsta13, Gm3776, Timd5..." fgcolor="#000000" bgcolor="#BFFFBF"
             type="rectangle" x="942" y="817" width="46" height="17"/>
    </entry>
    <entry id="117" name="cpd:C14802" type="compound"
        link="https://www.kegg.jp/dbget-bin/www_bget?C14802">
        <graphics name="C14802" fgcolor="#000000" bgcolor="#FFFFFF"
             type="circle" x="893" y="881" width="8" height="8"/>
    </entry>
    <entry id="118" name="cpd:C14800" type="compound"
        link="https://www.kegg.jp/dbget-bin/www_bget?C14800">
        <graphics name="C14800" fgcolor="#000000" bgcolor="#FFFFFF"
             type="circle" x="893" y="867" width="8" height="8"/>
    </entry>
    <entry id="119" name="cpd:C11148" type="compound"
        link="https://www.kegg.jp/dbget-bin/www_bget?C11148">
        <graphics name="C11148" fgcolor="#000000" bgcolor="#FFFFFF"
             type="circle" x="195" y="1027" width="8" height="8"/>
    </entry>
    <entry id="120" name="cpd:C14839" type="compound"
        link="https://www.kegg.jp/dbget-bin/www_bget?C14839">
        <graphics name="C14839" fgcolor="#000000" bgcolor="#FFFFFF"
             type="circle" x="196" y="1338" width="8" height="8"/>
    </entry>
    <entry id="124" name="mmu:13077" type="gene" reaction="rn:R09405"
        link="https://www.kegg.jp/dbget-bin/www_bget?mmu:13077">
        <graphics name="Cyp1a2, CP12, CYPIA2, P450-3" fgcolor="#000000" bgcolor="#BFFFBF"
             type="rectangle" x="128" y="758" width="46" height="17"/>
    </entry>
    <entry id="126" name="mmu:13849" type="gene" reaction="rn:R09410"
        link="https://www.kegg.jp/dbget-bin/www_bget?mmu:13849">
        <graphics name="Ephx1, EH, Eph-1, Eph1, Epxh1, mEH" fgcolor="#000000" bgcolor="#BFFFBF"
             type="rectangle" x="255" y="876" width="46" height="17"/>
    </entry>
    <entry id="127" name="cpd:C19588" type="compound"
        link="https://www.kegg.jp/dbget-bin/www_bget?C19588">
        <graphics name="C19588" fgcolor="#000000" bgcolor="#FFFFFF"
             type="circle" x="312" y="875" width="8" height="8"/>
    </entry>
    <entry id="129" name="ko:K17689 ko:K17690" type="ortholog" reaction="rn:R09404"
        link="https://www.kegg.jp/dbget-bin/www_bget?K17689+K17690">
        <graphics name="K17689..." fgcolor="#000000" bgcolor="#FFFFFF"
             type="rectangle" x="127" y="927" width="46" height="17"/>
    </entry>
    <entry id="131" name="mmu:13077" type="gene" reaction="rn:R09407"
        link="https://www.kegg.jp/dbget-bin/www_bget?mmu:13077">
        <graphics name="Cyp1a2, CP12, CYPIA2, P450-3" fgcolor="#000000" bgcolor="#BFFFBF"
             type="rectangle" x="128" y="813" width="46" height="17"/>
    </entry>
    <entry id="134" name="ko:K17685" type="ortholog" reaction="rn:R09406"
        link="https://www.kegg.jp/dbget-bin/www_bget?K17685">
        <graphics name="K17685" fgcolor="#000000" bgcolor="#FFFFFF"
             type="rectangle" x="246" y="758" width="46" height="17"/>
    </entry>
    <entry id="135" name="cpd:C19594" type="compound"
        link="https://www.kegg.jp/dbget-bin/www_bget?C19594">
        <graphics name="C19594" fgcolor="#000000" bgcolor="#FFFFFF"
             type="circle" x="317" y="757" width="8" height="8"/>
    </entry>
    <entry id="137" name="mmu:110198" type="gene" reaction="rn:R09412 rn:R09413"
        link="https://www.kegg.jp/dbget-bin/www_bget?mmu:110198">
        <graphics name="Akr7a5, 0610025K21Rik, Afar, Afar1, Akr7a2" fgcolor="#000000" bgcolor="#BFFFBF"
             type="rectangle" x="438" y="876" width="46" height="17"/>
    </entry>
    <entry id="138" name="cpd:C19591" type="compound"
        link="https://www.kegg.jp/dbget-bin/www_bget?C19591">
        <graphics name="C19591" fgcolor="#000000" bgcolor="#FFFFFF"
             type="circle" x="493" y="870" width="8" height="8"/>
    </entry>
    <entry id="139" name="cpd:C19592" type="compound"
        link="https://www.kegg.jp/dbget-bin/www_bget?C19592">
        <graphics name="C19592" fgcolor="#000000" bgcolor="#FFFFFF"
             type="circle" x="493" y="882" width="8" height="8"/>
    </entry>
    <entry id="140" name="cpd:C16756" type="compound"
        link="https://www.kegg.jp/dbget-bin/www_bget?C16756">
        <graphics name="C16756" fgcolor="#000000" bgcolor="#FFFFFF"
             type="circle" x="180" y="757" width="8" height="8"/>
    </entry>
    <entry id="141" name="cpd:C19585" type="compound"
        link="https://www.kegg.jp/dbget-bin/www_bget?C19585">
        <graphics name="C19585" fgcolor="#000000" bgcolor="#FFFFFF"
             type="circle" x="180" y="926" width="8" height="8"/>
    </entry>
    <entry id="142" name="cpd:C19595" type="compound"
        link="https://www.kegg.jp/dbget-bin/www_bget?C19595">
        <graphics name="C19595" fgcolor="#000000" bgcolor="#FFFFFF"
             type="circle" x="201" y="812" width="8" height="8"/>
    </entry>
    <entry id="143" name="cpd:C19586" type="compound"
        link="https://www.kegg.jp/dbget-bin/www_bget?C19586">
        <graphics name="C19586" fgcolor="#000000" bgcolor="#FFFFFF"
             type="circle" x="201" y="875" width="8" height="8"/>
    </entry>
    <entry id="144" name="mmu:100042295 mmu:100042314 mmu:100042625 mmu:103140 mmu:14857 mmu:14858 mmu:14859 mmu:14860 mmu:14862 mmu:14863 mmu:14864 mmu:14865 mmu:14866 mmu:14867 mmu:14869 mmu:14870 mmu:14871 mmu:14872 mmu:14873 mmu:211666 mmu:225884 mmu:54486 mmu:56615 mmu:66447 mmu:68214 mmu:68312 mmu:75886 mmu:76263" type="gene" reaction="rn:R09409"
        link="https://www.kegg.jp/dbget-bin/www_bget?mmu:100042295+mmu:100042314+mmu:100042625+mmu:103140+mmu:14857+mmu:14858+mmu:14859+mmu:14860+mmu:14862+mmu:14863+mmu:14864+mmu:14865+mmu:14866+mmu:14867+mmu:14869+mmu:14870+mmu:14871+mmu:14872+mmu:14873+mmu:211666+mmu:225884+mmu:54486+mmu:56615+mmu:66447+mmu:68214+mmu:68312+mmu:75886+mmu:76263">
        <graphics name="Gsta13, Gm3776, Timd5..." fgcolor="#000000" bgcolor="#BFFFBF"
             type="rectangle" x="255" y="832" width="46" height="17"/>
    </entry>
    <entry id="145" name="cpd:C11278" type="compound"
        link="https://www.kegg.jp/dbget-bin/www_bget?C11278">
        <graphics name="C11278" fgcolor="#000000" bgcolor="#FFFFFF"
             type="circle" x="320" y="831" width="8" height="8"/>
    </entry>
    <entry id="147" name="cpd:C19590" type="compound"
        link="https://www.kegg.jp/dbget-bin/www_bget?C19590">
        <graphics name="C19590" fgcolor="#000000" bgcolor="#FFFFFF"
             type="circle" x="579" y="875" width="8" height="8"/>
    </entry>
    <entry id="149" name="mmu:110198" type="gene" reaction="rn:R09414 rn:R09415"
        link="https://www.kegg.jp/dbget-bin/www_bget?mmu:110198">
        <graphics name="Akr7a5, 0610025K21Rik, Afar, Afar1, Akr7a2" fgcolor="#000000" bgcolor="#BFFFBF"
             type="rectangle" x="533" y="876" width="46" height="17"/>
    </entry>
    <entry id="151" name="cpd:C19589" type="compound"
        link="https://www.kegg.jp/dbget-bin/www_bget?C19589">
        <graphics name="C19589" fgcolor="#000000" bgcolor="#FFFFFF"
             type="circle" x="393" y="875" width="8" height="8"/>
    </entry>
    <entry id="154" name="mmu:13077" type="gene" reaction="rn:R09408"
        link="https://www.kegg.jp/dbget-bin/www_bget?mmu:13077">
        <graphics name="Cyp1a2, CP12, CYPIA2, P450-3" fgcolor="#000000" bgcolor="#BFFFBF"
             type="rectangle" x="103" y="865" width="46" height="17"/>
    </entry>
    <entry id="162" name="mmu:13076" type="gene" reaction="rn:R07085"
        link="https://www.kegg.jp/dbget-bin/www_bget?mmu:13076">
        <graphics name="Cyp1a1, AHH, AHRR, CP11, CYPIA1, P450-1" fgcolor="#000000" bgcolor="#BFFFBF"
             type="rectangle" x="433" y="165" width="46" height="17"/>
    </entry>
    <entry id="163" name="mmu:13076" type="gene" reaction="rn:R07087"
        link="https://www.kegg.jp/dbget-bin/www_bget?mmu:13076">
        <graphics name="Cyp1a1, AHH, AHRR, CP11, CYPIA1, P450-1" fgcolor="#000000" bgcolor="#BFFFBF"
             type="rectangle" x="376" y="115" width="46" height="17"/>
    </entry>
    <entry id="164" name="mmu:13076" type="gene" reaction="rn:R07079 rn:R07080 rn:R07081"
        link="https://www.kegg.jp/dbget-bin/www_bget?mmu:13076">
        <graphics name="Cyp1a1, AHH, AHRR, CP11, CYPIA1, P450-1" fgcolor="#000000" bgcolor="#BFFFBF"
             type="rectangle" x="115" y="165" width="46" height="17"/>
    </entry>
    <entry id="165" name="cpd:C14853" type="compound"
        link="https://www.kegg.jp/dbget-bin/www_bget?C14853">
        <graphics name="C14853" fgcolor="#000000" bgcolor="#FFFFFF"
             type="circle" x="549" y="175" width="8" height="8"/>
    </entry>
    <entry id="166" name="cpd:C14854" type="compound"
        link="https://www.kegg.jp/dbget-bin/www_bget?C14854">
        <graphics name="C14854" fgcolor="#000000" bgcolor="#FFFFFF"
             type="circle" x="484" y="125" width="8" height="8"/>
    </entry>
    <entry id="167" name="cpd:C14856" type="compound"
        link="https://www.kegg.jp/dbget-bin/www_bget?C14856">
        <graphics name="C14856" fgcolor="#000000" bgcolor="#FFFFFF"
             type="circle" x="372" y="240" width="8" height="8"/>
    </entry>
    <entry id="168" name="cpd:C14855" type="compound"
        link="https://www.kegg.jp/dbget-bin/www_bget?C14855">
        <graphics name="C14855" fgcolor="#000000" bgcolor="#FFFFFF"
             type="circle" x="321" y="240" width="8" height="8"/>
    </entry>
    <entry id="169" name="cpd:C14852" type="compound"
        link="https://www.kegg.jp/dbget-bin/www_bget?C14852">
        <graphics name="C14852" fgcolor="#000000" bgcolor="#FFFFFF"
             type="circle" x="372" y="175" width="8" height="8"/>
    </entry>
    <entry id="170" name="cpd:C07535" type="compound"
        link="https://www.kegg.jp/dbget-bin/www_bget?C07535">
        <graphics name="C07535" fgcolor="#000000" bgcolor="#FFFFFF"
             type="circle" x="64" y="175" width="8" height="8"/>
    </entry>
    <entry id="171" name="cpd:C14851" type="compound"
        link="https://www.kegg.jp/dbget-bin/www_bget?C14851">
        <graphics name="C14851" fgcolor="#000000" bgcolor="#FFFFFF"
             type="circle" x="220" y="189" width="8" height="8"/>
    </entry>
    <entry id="172" name="cpd:C14850" type="compound"
        link="https://www.kegg.jp/dbget-bin/www_bget?C14850">
        <graphics name="C14850" fgcolor="#000000" bgcolor="#FFFFFF"
             type="circle" x="220" y="175" width="8" height="8"/>
    </entry>
    <entry id="173" name="cpd:C14849" type="compound"
        link="https://www.kegg.jp/dbget-bin/www_bget?C14849">
        <graphics name="C14849" fgcolor="#000000" bgcolor="#FFFFFF"
             type="circle" x="220" y="161" width="8" height="8"/>
    </entry>
    <entry id="174" name="cpd:C14556" type="compound"
        link="https://www.kegg.jp/dbget-bin/www_bget?C14556">
        <graphics name="C14556" fgcolor="#000000" bgcolor="#FFFFFF"
             type="circle" x="321" y="125" width="8" height="8"/>
    </entry>
    <entry id="175" name="mmu:100042295 mmu:100042314 mmu:100042625 mmu:103140 mmu:14857 mmu:14858 mmu:14859 mmu:14860 mmu:14862 mmu:14863 mmu:14864 mmu:14865 mmu:14866 mmu:14867 mmu:14869 mmu:14870 mmu:14871 mmu:14872 mmu:14873 mmu:211666 mmu:225884 mmu:54486 mmu:56615 mmu:66447 mmu:68214 mmu:68312 mmu:75886 mmu:76263" type="gene" reaction="rn:R07084"
        link="https://www.kegg.jp/dbget-bin/www_bget?mmu:100042295+mmu:100042314+mmu:100042625+mmu:103140+mmu:14857+mmu:14858+mmu:14859+mmu:14860+mmu:14862+mmu:14863+mmu:14864+mmu:14865+mmu:14866+mmu:14867+mmu:14869+mmu:14870+mmu:14871+mmu:14872+mmu:14873+mmu:211666+mmu:225884+mmu:54486+mmu:56615+mmu:66447+mmu:68214+mmu:68312+mmu:75886+mmu:76263">
        <graphics name="Gsta13, Gm3776, Timd5..." fgcolor="#000000" bgcolor="#BFFFBF"
             type="rectangle" x="373" y="203" width="46" height="17"/>
    </entry>
    <entry id="176" name="mmu:100042295 mmu:100042314 mmu:100042625 mmu:103140 mmu:14857 mmu:14858 mmu:14859 mmu:14860 mmu:14862 mmu:14863 mmu:14864 mmu:14865 mmu:14866 mmu:14867 mmu:14869 mmu:14870 mmu:14871 mmu:14872 mmu:14873 mmu:211666 mmu:225884 mmu:54486 mmu:56615 mmu:66447 mmu:68214 mmu:68312 mmu:75886 mmu:76263" type="gene" reaction="rn:R07083"
        link="https://www.kegg.jp/dbget-bin/www_bget?mmu:100042295+mmu:100042314+mmu:100042625+mmu:103140+mmu:14857+mmu:14858+mmu:14859+mmu:14860+mmu:14862+mmu:14863+mmu:14864+mmu:14865+mmu:14866+mmu:14867+mmu:14869+mmu:14870+mmu:14871+mmu:14872+mmu:14873+mmu:211666+mmu:225884+mmu:54486+mmu:56615+mmu:66447+mmu:68214+mmu:68312+mmu:75886+mmu:76263">
        <graphics name="Gsta13, Gm3776, Timd5..." fgcolor="#000000" bgcolor="#BFFFBF"
             type="rectangle" x="267" y="241" width="46" height="17"/>
    </entry>
    <entry id="177" name="mmu:13849" type="gene" reaction="rn:R07082"
        link="https://www.kegg.jp/dbget-bin/www_bget?mmu:13849">
        <graphics name="Ephx1, EH, Eph-1, Eph1, Epxh1, mEH" fgcolor="#000000" bgcolor="#BFFFBF"
             type="rectangle" x="316" y="176" width="46" height="17"/>
    </entry>
    <entry id="183" name="mmu:13078" type="gene" reaction="rn:R09416"
        link="https://www.kegg.jp/dbget-bin/www_bget?mmu:13078">
        <graphics name="Cyp1b1, CP1B, CYPIB1, P4501b1" fgcolor="#000000" bgcolor="#BFFFBF"
             type="rectangle" x="808" y="123" width="46" height="17"/>
    </entry>
    <entry id="184" name="cpd:C19604" type="compound"
        link="https://www.kegg.jp/dbget-bin/www_bget?C19604">
        <graphics name="C19604" fgcolor="#000000" bgcolor="#FFFFFF"
             type="circle" x="866" y="235" width="8" height="8"/>
    </entry>
    <entry id="186" name="mmu:13849" type="gene" reaction="rn:R09417"
        link="https://www.kegg.jp/dbget-bin/www_bget?mmu:13849">
        <graphics name="Ephx1, EH, Eph-1, Eph1, Epxh1, mEH" fgcolor="#000000" bgcolor="#BFFFBF"
             type="rectangle" x="914" y="123" width="46" height="17"/>
    </entry>
    <entry id="189" name="mmu:20859 mmu:434121 mmu:434264 mmu:629203 mmu:629219 mmu:638251 mmu:76971" type="gene" reaction="rn:R09444"
        link="https://www.kegg.jp/dbget-bin/www_bget?mmu:20859+mmu:434121+mmu:434264+mmu:629203+mmu:629219+mmu:638251+mmu:76971">
        <graphics name="Sult2a1, ST2A1, Std, Sth1, mSTa1..." fgcolor="#000000" bgcolor="#BFFFBF"
             type="rectangle" x="964" y="176" width="46" height="17"/>
    </entry>
    <entry id="190" name="cpd:C19561" type="compound"
        link="https://www.kegg.jp/dbget-bin/www_bget?C19561">
        <graphics name="C19561" fgcolor="#000000" bgcolor="#FFFFFF"
             type="circle" x="900" y="175" width="8" height="8"/>
    </entry>
    <entry id="191" name="cpd:C19489" type="compound"
        link="https://www.kegg.jp/dbget-bin/www_bget?C19489">
        <graphics name="C19489" fgcolor="#000000" bgcolor="#FFFFFF"
             type="circle" x="866" y="122" width="8" height="8"/>
    </entry>
    <entry id="192" name="cpd:C19490" type="compound"
        link="https://www.kegg.jp/dbget-bin/www_bget?C19490">
        <graphics name="C19490" fgcolor="#000000" bgcolor="#FFFFFF"
             type="circle" x="980" y="122" width="8" height="8"/>
    </entry>
    <entry id="193" name="cpd:C19559" type="compound"
        link="https://www.kegg.jp/dbget-bin/www_bget?C19559">
        <graphics name="C19559" fgcolor="#000000" bgcolor="#FFFFFF"
             type="circle" x="1094" y="122" width="8" height="8"/>
    </entry>
    <entry id="194" name="cpd:C19562" type="compound"
        link="https://www.kegg.jp/dbget-bin/www_bget?C19562">
        <graphics name="C19562" fgcolor="#000000" bgcolor="#FFFFFF"
             type="circle" x="1038" y="175" width="8" height="8"/>
    </entry>
    <entry id="195" name="cpd:C19488" type="compound"
        link="https://www.kegg.jp/dbget-bin/www_bget?C19488">
        <graphics name="C19488" fgcolor="#000000" bgcolor="#FFFFFF"
             type="circle" x="762" y="175" width="8" height="8"/>
    </entry>
    <entry id="199" name="mmu:13849" type="gene" reaction="rn:R09443"
        link="https://www.kegg.jp/dbget-bin/www_bget?mmu:13849">
        <graphics name="Ephx1, EH, Eph-1, Eph1, Epxh1, mEH" fgcolor="#000000" bgcolor="#BFFFBF"
             type="rectangle" x="914" y="236" width="46" height="17"/>
    </entry>
    <entry id="200" name="cpd:C19607" type="compound"
        link="https://www.kegg.jp/dbget-bin/www_bget?C19607">
        <graphics name="C19607" fgcolor="#000000" bgcolor="#FFFFFF"
             type="circle" x="980" y="235" width="8" height="8"/>
    </entry>
    <entry id="201" name="ko:K17709" type="ortholog" reaction="rn:R09441"
        link="https://www.kegg.jp/dbget-bin/www_bget?K17709">
        <graphics name="K17709" fgcolor="#000000" bgcolor="#FFFFFF"
             type="rectangle" x="808" y="176" width="46" height="17"/>
    </entry>
    <entry id="202" name="mmu:13076 mmu:13078" type="gene" reaction="rn:R09442"
        link="https://www.kegg.jp/dbget-bin/www_bget?mmu:13076+mmu:13078">
        <graphics name="Cyp1a1, AHH, AHRR, CP11, CYPIA1, P450-1..." fgcolor="#000000" bgcolor="#BFFFBF"
             type="rectangle" x="808" y="235" width="46" height="17"/>
    </entry>
    <entry id="203" name="mmu:13076 mmu:13078" type="gene" reaction="rn:R09418"
        link="https://www.kegg.jp/dbget-bin/www_bget?mmu:13076+mmu:13078">
        <graphics name="Cyp1a1, AHH, AHRR, CP11, CYPIA1, P450-1..." fgcolor="#000000" bgcolor="#BFFFBF"
             type="rectangle" x="1033" y="122" width="46" height="17"/>
    </entry>
    <entry id="218" name="cpd:C14784" type="compound"
        link="https://www.kegg.jp/dbget-bin/www_bget?C14784">
        <graphics name="C14784" fgcolor="#000000" bgcolor="#FFFFFF"
             type="circle" x="394" y="586" width="8" height="8"/>
    </entry>
    <entry id="219" name="cpd:C06205" type="compound"
        link="https://www.kegg.jp/dbget-bin/www_bget?C06205">
        <graphics name="C06205" fgcolor="#000000" bgcolor="#FFFFFF"
             type="circle" x="394" y="528" width="8" height="8"/>
    </entry>
    <entry id="220" name="cpd:C14798" type="compound"
        link="https://www.kegg.jp/dbget-bin/www_bget?C14798">
        <graphics name="C14798" fgcolor="#000000" bgcolor="#FFFFFF"
             type="circle" x="431" y="624" width="8" height="8"/>
    </entry>
    <entry id="221" name="cpd:C14797" type="compound"
        link="https://www.kegg.jp/dbget-bin/www_bget?C14797">
        <graphics name="C14797" fgcolor="#000000" bgcolor="#FFFFFF"
             type="circle" x="431" y="636" width="8" height="8"/>
    </entry>
    <entry id="222" name="cpd:C03012" type="compound"
        link="https://www.kegg.jp/dbget-bin/www_bget?C03012">
        <graphics name="C03012" fgcolor="#000000" bgcolor="#FFFFFF"
             type="circle" x="491" y="528" width="8" height="8"/>
    </entry>
    <entry id="223" name="cpd:C11713" type="compound"
        link="https://www.kegg.jp/dbget-bin/www_bget?C11713">
        <graphics name="C11713" fgcolor="#000000" bgcolor="#FFFFFF"
             type="circle" x="354" y="464" width="8" height="8"/>
    </entry>
    <entry id="224" name="cpd:C14783" type="compound"
        link="https://www.kegg.jp/dbget-bin/www_bget?C14783">
        <graphics name="C14783" fgcolor="#000000" bgcolor="#FFFFFF"
             type="circle" x="589" y="528" width="8" height="8"/>
    </entry>
    <entry id="225" name="cpd:C14799" type="compound"
        link="https://www.kegg.jp/dbget-bin/www_bget?C14799">
        <graphics name="C14799" fgcolor="#000000" bgcolor="#FFFFFF"
             type="circle" x="431" y="675" width="8" height="8"/>
    </entry>
    <entry id="226" name="cpd:C14793" type="compound"
        link="https://www.kegg.jp/dbget-bin/www_bget?C14793">
        <graphics name="C14793" fgcolor="#000000" bgcolor="#FFFFFF"
             type="circle" x="324" y="636" width="8" height="8"/>
    </entry>
    <entry id="227" name="cpd:C14792" type="compound"
        link="https://www.kegg.jp/dbget-bin/www_bget?C14792">
        <graphics name="C14792" fgcolor="#000000" bgcolor="#FFFFFF"
             type="circle" x="324" y="624" width="8" height="8"/>
    </entry>
    <entry id="228" name="cpd:C00829" type="compound"
        link="https://www.kegg.jp/dbget-bin/www_bget?C00829">
        <graphics name="C00829" fgcolor="#000000" bgcolor="#FFFFFF"
             type="circle" x="64" y="529" width="8" height="8"/>
    </entry>
    <entry id="229" name="cpd:C02617" type="compound"
        link="https://www.kegg.jp/dbget-bin/www_bget?C02617">
        <graphics name="C02617" fgcolor="#000000" bgcolor="#FFFFFF"
             type="circle" x="589" y="418" width="8" height="8"/>
    </entry>
    <entry id="230" name="mmu:13849" type="gene" reaction="rn:R07013 rn:R07014"
        link="https://www.kegg.jp/dbget-bin/www_bget?mmu:13849">
        <graphics name="Ephx1, EH, Eph-1, Eph1, Epxh1, mEH" fgcolor="#000000" bgcolor="#BFFFBF"
             type="rectangle" x="313" y="529" width="46" height="17"/>
    </entry>
    <entry id="231" name="mmu:100042295 mmu:100042314 mmu:100042625 mmu:103140 mmu:14857 mmu:14858 mmu:14859 mmu:14860 mmu:14862 mmu:14863 mmu:14864 mmu:14865 mmu:14866 mmu:14867 mmu:14869 mmu:14870 mmu:14871 mmu:14872 mmu:14873 mmu:211666 mmu:225884 mmu:54486 mmu:56615 mmu:66447 mmu:68214 mmu:68312 mmu:75886 mmu:76263" type="gene" reaction="rn:R07004 rn:R07003"
        link="https://www.kegg.jp/dbget-bin/www_bget?mmu:100042295+mmu:100042314+mmu:100042625+mmu:103140+mmu:14857+mmu:14858+mmu:14859+mmu:14860+mmu:14862+mmu:14863+mmu:14864+mmu:14865+mmu:14866+mmu:14867+mmu:14869+mmu:14870+mmu:14871+mmu:14872+mmu:14873+mmu:211666+mmu:225884+mmu:54486+mmu:56615+mmu:66447+mmu:68214+mmu:68312+mmu:75886+mmu:76263">
        <graphics name="Gsta13, Gm3776, Timd5..." fgcolor="#000000" bgcolor="#BFFFBF"
             type="rectangle" x="270" y="629" width="46" height="17"/>
    </entry>
    <entry id="232" name="mmu:100042295 mmu:100042314 mmu:100042625 mmu:103140 mmu:14857 mmu:14858 mmu:14859 mmu:14860 mmu:14862 mmu:14863 mmu:14864 mmu:14865 mmu:14866 mmu:14867 mmu:14869 mmu:14870 mmu:14871 mmu:14872 mmu:14873 mmu:211666 mmu:225884 mmu:54486 mmu:56615 mmu:66447 mmu:68214 mmu:68312 mmu:75886 mmu:76263" type="gene" reaction="rn:R07002"
        link="https://www.kegg.jp/dbget-bin/www_bget?mmu:100042295+mmu:100042314+mmu:100042625+mmu:103140+mmu:14857+mmu:14858+mmu:14859+mmu:14860+mmu:14862+mmu:14863+mmu:14864+mmu:14865+mmu:14866+mmu:14867+mmu:14869+mmu:14870+mmu:14871+mmu:14872+mmu:14873+mmu:211666+mmu:225884+mmu:54486+mmu:56615+mmu:66447+mmu:68214+mmu:68312+mmu:75886+mmu:76263">
        <graphics name="Gsta13, Gm3776, Timd5..." fgcolor="#000000" bgcolor="#BFFFBF"
             type="rectangle" x="269" y="381" width="46" height="17"/>
    </entry>
    <entry id="233" name="cpd:C14791" type="compound"
        link="https://www.kegg.jp/dbget-bin/www_bget?C14791">
        <graphics name="C14791" fgcolor="#000000" bgcolor="#FFFFFF"
             type="circle" x="323" y="380" width="8" height="8"/>
    </entry>
    <entry id="234" name="cpd:C14796" type="compound"
        link="https://www.kegg.jp/dbget-bin/www_bget?C14796">
        <graphics name="C14796" fgcolor="#000000" bgcolor="#FFFFFF"
             type="circle" x="430" y="380" width="8" height="8"/>
    </entry>
    <entry id="235" name="cpd:C11714" type="compound"
        link="https://www.kegg.jp/dbget-bin/www_bget?C11714">
        <graphics name="C11714" fgcolor="#000000" bgcolor="#FFFFFF"
             type="circle" x="354" y="418" width="8" height="8"/>
    </entry>
    <entry id="236" name="cpd:C14785" type="compound"
        link="https://www.kegg.jp/dbget-bin/www_bget?C14785">
        <graphics name="C14785" fgcolor="#000000" bgcolor="#FFFFFF"
             type="circle" x="491" y="418" width="8" height="8"/>
    </entry>
    <entry id="237" name="mmu:71755 mmu:77337" type="gene" reaction="rn:R07015"
        link="https://www.kegg.jp/dbget-bin/www_bget?mmu:71755+mmu:77337">
        <graphics name="Dhdh, 1300018L09Rik, B830008H07Rik, Xld-1, Xld1..." fgcolor="#000000" bgcolor="#BFFFBF"
             type="rectangle" x="439" y="529" width="46" height="17"/>
    </entry>
    <entry id="238" name="mmu:13076 mmu:13077" type="gene" reaction="rn:R07000 rn:R07001"
        link="https://www.kegg.jp/dbget-bin/www_bget?mmu:13076+mmu:13077">
        <graphics name="Cyp1a1, AHH, AHRR, CP11, CYPIA1, P450-1..." fgcolor="#000000" bgcolor="#BFFFBF"
             type="rectangle" x="139" y="510" width="46" height="17"/>
    </entry>
    <entry id="242" name="cpd:C14787" type="compound"
        link="https://www.kegg.jp/dbget-bin/www_bget?C14787">
        <graphics name="C14787" fgcolor="#000000" bgcolor="#FFFFFF"
             type="circle" x="220" y="535" width="8" height="8"/>
    </entry>
    <entry id="243" name="cpd:C14786" type="compound"
        link="https://www.kegg.jp/dbget-bin/www_bget?C14786">
        <graphics name="C14786" fgcolor="#000000" bgcolor="#FFFFFF"
             type="circle" x="220" y="521" width="8" height="8"/>
    </entry>
    <entry id="249" name="cpd:C16453" type="compound"
        link="https://www.kegg.jp/dbget-bin/www_bget?C16453">
        <graphics name="C16453" fgcolor="#000000" bgcolor="#FFFFFF"
             type="circle" x="762" y="432" width="8" height="8"/>
    </entry>
    <entry id="251" name="cpd:C19566" type="compound"
        link="https://www.kegg.jp/dbget-bin/www_bget?C19566">
        <graphics name="C19566" fgcolor="#000000" bgcolor="#FFFFFF"
             type="circle" x="922" y="432" width="8" height="8"/>
    </entry>
    <entry id="252" name="cpd:C19567" type="compound"
        link="https://www.kegg.jp/dbget-bin/www_bget?C19567">
        <graphics name="C19567" fgcolor="#000000" bgcolor="#FFFFFF"
             type="circle" x="1041" y="432" width="8" height="8"/>
    </entry>
    <entry id="253" name="cpd:C19568" type="compound"
        link="https://www.kegg.jp/dbget-bin/www_bget?C19568">
        <graphics name="C19568" fgcolor="#000000" bgcolor="#FFFFFF"
             type="circle" x="998" y="475" width="8" height="8"/>
    </entry>
    <entry id="255" name="cpd:C19563" type="compound"
        link="https://www.kegg.jp/dbget-bin/www_bget?C19563">
        <graphics name="C19563" fgcolor="#000000" bgcolor="#FFFFFF"
             type="circle" x="925" y="344" width="8" height="8"/>
    </entry>
    <entry id="257" name="cpd:C19564" type="compound"
        link="https://www.kegg.jp/dbget-bin/www_bget?C19564">
        <graphics name="C19564" fgcolor="#000000" bgcolor="#FFFFFF"
             type="circle" x="1041" y="344" width="8" height="8"/>
    </entry>
    <entry id="259" name="cpd:C19565" type="compound"
        link="https://www.kegg.jp/dbget-bin/www_bget?C19565">
        <graphics name="C19565" fgcolor="#000000" bgcolor="#FFFFFF"
             type="circle" x="1154" y="344" width="8" height="8"/>
    </entry>
    <entry id="261" name="cpd:C19569" type="compound"
        link="https://www.kegg.jp/dbget-bin/www_bget?C19569">
        <graphics name="C19569" fgcolor="#000000" bgcolor="#FFFFFF"
             type="circle" x="1154" y="432" width="8" height="8"/>
    </entry>
    <entry id="264" name="mmu:15483" type="gene" reaction="rn:R09420"
        link="https://www.kegg.jp/dbget-bin/www_bget?mmu:15483">
        <graphics name="Hsd11b1" fgcolor="#000000" bgcolor="#BFFFBF"
             type="rectangle" x="787" y="464" width="46" height="17"/>
    </entry>
    <entry id="265" name="cpd:C19574" type="compound"
        link="https://www.kegg.jp/dbget-bin/www_bget?C19574">
        <graphics name="C19574" fgcolor="#000000" bgcolor="#FFFFFF"
             type="circle" x="762" y="519" width="8" height="8"/>
    </entry>
    <entry id="267" name="cpd:C19577" type="compound"
        link="https://www.kegg.jp/dbget-bin/www_bget?C19577">
        <graphics name="C19577" fgcolor="#000000" bgcolor="#FFFFFF"
             type="circle" x="921" y="519" width="8" height="8"/>
    </entry>
    <entry id="270" name="cpd:C19578" type="compound"
        link="https://www.kegg.jp/dbget-bin/www_bget?C19578">
        <graphics name="C19578" fgcolor="#000000" bgcolor="#FFFFFF"
             type="circle" x="1041" y="519" width="8" height="8"/>
    </entry>
    <entry id="272" name="cpd:C19580" type="compound"
        link="https://www.kegg.jp/dbget-bin/www_bget?C19580">
        <graphics name="C19580" fgcolor="#000000" bgcolor="#FFFFFF"
             type="circle" x="921" y="606" width="8" height="8"/>
    </entry>
    <entry id="274" name="cpd:C19581" type="compound"
        link="https://www.kegg.jp/dbget-bin/www_bget?C19581">
        <graphics name="C19581" fgcolor="#000000" bgcolor="#FFFFFF"
             type="circle" x="1041" y="606" width="8" height="8"/>
    </entry>
    <entry id="276" name="cpd:C19582" type="compound"
        link="https://www.kegg.jp/dbget-bin/www_bget?C19582">
        <graphics name="C19582" fgcolor="#000000" bgcolor="#FFFFFF"
             type="circle" x="1154" y="606" width="8" height="8"/>
    </entry>
    <entry id="278" name="cpd:C19579" type="compound"
        link="https://www.kegg.jp/dbget-bin/www_bget?C19579">
        <graphics name="C19579" fgcolor="#000000" bgcolor="#FFFFFF"
             type="circle" x="1154" y="519" width="8" height="8"/>
    </entry>
    <entry id="280" name="mmu:77337" type="gene" reaction="rn:R09420"
        link="https://www.kegg.jp/dbget-bin/www_bget?mmu:77337">
        <graphics name="Akr1c21, 9430025F20Rik" fgcolor="#000000" bgcolor="#BFFFBF"
             type="rectangle" x="737" y="464" width="46" height="17"/>
    </entry>
    <entry id="281" name="mmu:109857 mmu:12408 mmu:12409" type="gene" reaction="rn:R09420"
        link="https://www.kegg.jp/dbget-bin/www_bget?mmu:109857+mmu:12408+mmu:12409">
        <graphics name="Cbr3, 1110001J05Rik..." fgcolor="#000000" bgcolor="#BFFFBF"
             type="rectangle" x="762" y="483" width="46" height="17"/>
    </entry>
    <entry id="283" name="cpd:C00745" type="compound"
        link="https://www.kegg.jp/dbget-bin/www_bget?C00745">
        <graphics name="C00745" fgcolor="#000000" bgcolor="#FFFFFF"
             type="circle" x="762" y="330" width="8" height="8"/>
    </entry>
    <entry id="286" name="cpd:C19602" type="compound"
        link="https://www.kegg.jp/dbget-bin/www_bget?C19602">
        <graphics name="C19602" fgcolor="#000000" bgcolor="#FFFFFF"
             type="circle" x="868" y="383" width="8" height="8"/>
    </entry>
    <entry id="288" name="cpd:C19603" type="compound"
        link="https://www.kegg.jp/dbget-bin/www_bget?C19603">
        <graphics name="C19603" fgcolor="#000000" bgcolor="#FFFFFF"
             type="circle" x="868" y="568" width="8" height="8"/>
    </entry>
    <entry id="290" name="cpd:C19605" type="compound"
        link="https://www.kegg.jp/dbget-bin/www_bget?C19605">
        <graphics name="C19605" fgcolor="#000000" bgcolor="#FFFFFF"
             type="circle" x="860" y="660" width="8" height="8"/>
    </entry>
    <entry id="291" name="mmu:100559 mmu:100727 mmu:112417 mmu:22236 mmu:22238 mmu:231396 mmu:243085 mmu:394430 mmu:394432 mmu:394433 mmu:394434 mmu:394435 mmu:394436 mmu:552899 mmu:613123 mmu:71773 mmu:72094 mmu:94215 mmu:94284" type="gene" reaction="rn:R09426 rn:R09427"
        link="https://www.kegg.jp/dbget-bin/www_bget?mmu:100559+mmu:100727+mmu:112417+mmu:22236+mmu:22238+mmu:231396+mmu:243085+mmu:394430+mmu:394432+mmu:394433+mmu:394434+mmu:394435+mmu:394436+mmu:552899+mmu:613123+mmu:71773+mmu:72094+mmu:94215+mmu:94284">
        <graphics name="Ugt2b38, 9430041C03Rik..." fgcolor="#000000" bgcolor="#BFFFBF"
             type="rectangle" x="805" y="668" width="46" height="17"/>
    </entry>
    <entry id="292" name="cpd:C19606" type="compound"
        link="https://www.kegg.jp/dbget-bin/www_bget?C19606">
        <graphics name="C19606" fgcolor="#000000" bgcolor="#FFFFFF"
             type="circle" x="860" y="673" width="8" height="8"/>
    </entry>
    <entry id="295" name="ko:K17683" type="ortholog" reaction="rn:R09421"
        link="https://www.kegg.jp/dbget-bin/www_bget?K17683">
        <graphics name="K17683" fgcolor="#000000" bgcolor="#FFFFFF"
             type="rectangle" x="801" y="334" width="46" height="17"/>
    </entry>
    <entry id="296" name="mmu:13076" type="gene" reaction="rn:R09423"
        link="https://www.kegg.jp/dbget-bin/www_bget?mmu:13076">
        <graphics name="Cyp1a1, AHH, AHRR, CP11, CYPIA1, P450-1" fgcolor="#000000" bgcolor="#BFFFBF"
             type="rectangle" x="800" y="422" width="46" height="17"/>
    </entry>
    <entry id="297" name="ko:K17683" type="ortholog" reaction="rn:R09424"
        link="https://www.kegg.jp/dbget-bin/www_bget?K17683">
        <graphics name="K17683" fgcolor="#000000" bgcolor="#FFFFFF"
             type="rectangle" x="825" y="509" width="46" height="17"/>
    </entry>
    <entry id="298" name="ko:K17683" type="ortholog" reaction="rn:R09425"
        link="https://www.kegg.jp/dbget-bin/www_bget?K17683">
        <graphics name="K17683" fgcolor="#000000" bgcolor="#FFFFFF"
             type="rectangle" x="825" y="596" width="46" height="17"/>
    </entry>
    <entry id="299" name="cpd:C06800" type="compound"
        link="https://www.kegg.jp/dbget-bin/www_bget?C06800">
        <graphics name="C06800" fgcolor="#000000" bgcolor="#FFFFFF"
             type="circle" x="64" y="875" width="8" height="8"/>
    </entry>
    <entry id="301" name="mmu:13106" type="gene" reaction="rn:R07088"
        link="https://www.kegg.jp/dbget-bin/www_bget?mmu:13106">
        <graphics name="Cyp2e1, CYPIIE1, Cyp2e" fgcolor="#000000" bgcolor="#BFFFBF"
             type="rectangle" x="820" y="1060" width="46" height="17"/>
    </entry>
    <entry id="302" name="mmu:13106" type="gene" reaction="rn:R07090"
        link="https://www.kegg.jp/dbget-bin/www_bget?mmu:13106">
        <graphics name="Cyp2e1, CYPIIE1, Cyp2e" fgcolor="#000000" bgcolor="#BFFFBF"
             type="rectangle" x="820" y="1148" width="46" height="17"/>
    </entry>
    <entry id="304" name="cpd:C14859" type="compound"
        link="https://www.kegg.jp/dbget-bin/www_bget?C14859">
        <graphics name="C14859" fgcolor="#000000" bgcolor="#FFFFFF"
             type="circle" x="893" y="1147" width="8" height="8"/>
    </entry>
    <entry id="306" name="cpd:C06790" type="compound"
        link="https://www.kegg.jp/dbget-bin/www_bget?C06790">
        <graphics name="C06790" fgcolor="#000000" bgcolor="#FFFFFF"
             type="circle" x="64" y="1111" width="8" height="8"/>
    </entry>
    <entry id="307" name="mmu:13106" type="gene" reaction="rn:R07098"
        link="https://www.kegg.jp/dbget-bin/www_bget?mmu:13106">
        <graphics name="Cyp2e1, CYPIIE1, Cyp2e" fgcolor="#000000" bgcolor="#BFFFBF"
             type="rectangle" x="131" y="1038" width="46" height="17"/>
    </entry>
    <entry id="309" name="ko:K17689 ko:K17690" type="ortholog" reaction="rn:R09408"
        link="https://www.kegg.jp/dbget-bin/www_bget?K17689+K17690">
        <graphics name="K17689..." fgcolor="#000000" bgcolor="#FFFFFF"
             type="rectangle" x="151" y="865" width="46" height="17"/>
    </entry>
    <entry id="310" name="ko:K17683" type="ortholog" reaction="rn:R09408"
        link="https://www.kegg.jp/dbget-bin/www_bget?K17683">
        <graphics name="K17683" fgcolor="#000000" bgcolor="#FFFFFF"
             type="rectangle" x="103" y="886" width="46" height="17"/>
    </entry>
    <entry id="311" name="ko:K17685" type="ortholog" reaction="rn:R09424"
        link="https://www.kegg.jp/dbget-bin/www_bget?K17685">
        <graphics name="K17685" fgcolor="#000000" bgcolor="#FFFFFF"
             type="rectangle" x="825" y="530" width="46" height="17"/>
    </entry>
    <entry id="312" name="ko:K17685" type="ortholog" reaction="rn:R09425"
        link="https://www.kegg.jp/dbget-bin/www_bget?K17685">
        <graphics name="K17685" fgcolor="#000000" bgcolor="#FFFFFF"
             type="rectangle" x="825" y="617" width="46" height="17"/>
    </entry>
    <entry id="313" name="ko:K17712" type="ortholog" reaction="rn:R09421"
        link="https://www.kegg.jp/dbget-bin/www_bget?K17712">
        <graphics name="K17712" fgcolor="#000000" bgcolor="#FFFFFF"
             type="rectangle" x="801" y="355" width="46" height="17"/>
    </entry>
    <entry id="314" name="mmu:13106" type="gene" reaction="rn:R09421"
        link="https://www.kegg.jp/dbget-bin/www_bget?mmu:13106">
        <graphics name="Cyp2e1, CYPIIE1, Cyp2e" fgcolor="#000000" bgcolor="#BFFFBF"
             type="rectangle" x="849" y="355" width="46" height="17"/>
    </entry>
    <entry id="315" name="ko:K17683" type="ortholog" reaction="rn:R09423"
        link="https://www.kegg.jp/dbget-bin/www_bget?K17683">
        <graphics name="K17683" fgcolor="#000000" bgcolor="#FFFFFF"
             type="rectangle" x="800" y="443" width="46" height="17"/>
    </entry>
    <entry id="316" name="ko:K17689" type="ortholog" reaction="rn:R09423"
        link="https://www.kegg.jp/dbget-bin/www_bget?K17689">
        <graphics name="K17689" fgcolor="#000000" bgcolor="#FFFFFF"
             type="rectangle" x="848" y="422" width="46" height="17"/>
    </entry>
    <entry id="317" name="ko:K17685" type="ortholog" reaction="rn:R09421"
        link="https://www.kegg.jp/dbget-bin/www_bget?K17685">
        <graphics name="K17685" fgcolor="#000000" bgcolor="#FFFFFF"
             type="rectangle" x="849" y="334" width="46" height="17"/>
    </entry>
    <entry id="318" name="ko:K17685" type="ortholog" reaction="rn:R09423"
        link="https://www.kegg.jp/dbget-bin/www_bget?K17685">
        <graphics name="K17685" fgcolor="#000000" bgcolor="#FFFFFF"
             type="rectangle" x="848" y="443" width="46" height="17"/>
    </entry>
    <entry id="319" name="ko:K17685" type="ortholog" reaction="rn:R09408"
        link="https://www.kegg.jp/dbget-bin/www_bget?K17685">
        <graphics name="K17685" fgcolor="#000000" bgcolor="#FFFFFF"
             type="rectangle" x="151" y="886" width="46" height="17"/>
    </entry>
    <entry id="320" name="ko:K17719" type="ortholog" reaction="rn:R07079 rn:R07080 rn:R07081"
        link="https://www.kegg.jp/dbget-bin/www_bget?K17719">
        <graphics name="K17719" fgcolor="#000000" bgcolor="#FFFFFF"
             type="rectangle" x="163" y="165" width="46" height="17"/>
    </entry>
    <entry id="321" name="ko:K17689" type="ortholog" reaction="rn:R07079 rn:R07080 rn:R07081"
        link="https://www.kegg.jp/dbget-bin/www_bget?K17689">
        <graphics name="K17689" fgcolor="#000000" bgcolor="#FFFFFF"
             type="rectangle" x="115" y="186" width="46" height="17"/>
    </entry>
    <entry id="322" name="mmu:13078" type="gene" reaction="rn:R07079 rn:R07080 rn:R07081"
        link="https://www.kegg.jp/dbget-bin/www_bget?mmu:13078">
        <graphics name="Cyp1b1, CP1B, CYPIB1, P4501b1" fgcolor="#000000" bgcolor="#BFFFBF"
             type="rectangle" x="163" y="186" width="46" height="17"/>
    </entry>
    <entry id="323" name="ko:K17719" type="ortholog" reaction="rn:R07087"
        link="https://www.kegg.jp/dbget-bin/www_bget?K17719">
        <graphics name="K17719" fgcolor="#000000" bgcolor="#FFFFFF"
             type="rectangle" x="424" y="115" width="46" height="17"/>
    </entry>
    <entry id="324" name="ko:K17719" type="ortholog" reaction="rn:R07085"
        link="https://www.kegg.jp/dbget-bin/www_bget?K17719">
        <graphics name="K17719" fgcolor="#000000" bgcolor="#FFFFFF"
             type="rectangle" x="481" y="165" width="46" height="17"/>
    </entry>
    <entry id="325" name="ko:K17689" type="ortholog" reaction="rn:R07085"
        link="https://www.kegg.jp/dbget-bin/www_bget?K17689">
        <graphics name="K17689" fgcolor="#000000" bgcolor="#FFFFFF"
             type="rectangle" x="433" y="186" width="46" height="17"/>
    </entry>
    <entry id="326" name="mmu:13078" type="gene" reaction="rn:R07085"
        link="https://www.kegg.jp/dbget-bin/www_bget?mmu:13078">
        <graphics name="Cyp1b1, CP1B, CYPIB1, P4501b1" fgcolor="#000000" bgcolor="#BFFFBF"
             type="rectangle" x="481" y="186" width="46" height="17"/>
    </entry>
    <entry id="327" name="ko:K17689" type="ortholog" reaction="rn:R07087"
        link="https://www.kegg.jp/dbget-bin/www_bget?K17689">
        <graphics name="K17689" fgcolor="#000000" bgcolor="#FFFFFF"
             type="rectangle" x="376" y="136" width="46" height="17"/>
    </entry>
    <entry id="328" name="mmu:13078" type="gene" reaction="rn:R07087"
        link="https://www.kegg.jp/dbget-bin/www_bget?mmu:13078">
        <graphics name="Cyp1b1, CP1B, CYPIB1, P4501b1" fgcolor="#000000" bgcolor="#BFFFBF"
             type="rectangle" x="424" y="136" width="46" height="17"/>
    </entry>
    <entry id="329" name="ko:K17689" type="ortholog" reaction="rn:R07000 rn:R07001"
        link="https://www.kegg.jp/dbget-bin/www_bget?K17689">
        <graphics name="K17689" fgcolor="#000000" bgcolor="#FFFFFF"
             type="rectangle" x="139" y="529" width="46" height="17"/>
    </entry>
    <entry id="330" name="mmu:13106 mmu:13107 mmu:74134" type="gene" reaction="rn:R07000 rn:R07001"
        link="https://www.kegg.jp/dbget-bin/www_bget?mmu:13106+mmu:13107+mmu:74134">
        <graphics name="Cyp2e1, CYPIIE1, Cyp2e..." fgcolor="#000000" bgcolor="#BFFFBF"
             type="rectangle" x="139" y="548" width="46" height="17"/>
    </entry>
    <entry id="331" name="mmu:13076 mmu:13077" type="gene" reaction="rn:R07098"
        link="https://www.kegg.jp/dbget-bin/www_bget?mmu:13076+mmu:13077">
        <graphics name="Cyp1a1, AHH, AHRR, CP11, CYPIA1, P450-1..." fgcolor="#000000" bgcolor="#BFFFBF"
             type="rectangle" x="131" y="1017" width="46" height="17"/>
    </entry>
    <entry id="332" name="mmu:13076 mmu:13077" type="gene" reaction="rn:R07099"
        link="https://www.kegg.jp/dbget-bin/www_bget?mmu:13076+mmu:13077">
        <graphics name="Cyp1a1, AHH, AHRR, CP11, CYPIA1, P450-1..." fgcolor="#000000" bgcolor="#BFFFBF"
             type="rectangle" x="131" y="1101" width="46" height="17"/>
    </entry>
    <entry id="333" name="mmu:13106" type="gene" reaction="rn:R07022 rn:R07021"
        link="https://www.kegg.jp/dbget-bin/www_bget?mmu:13106">
        <graphics name="Cyp2e1, CYPIIE1, Cyp2e" fgcolor="#000000" bgcolor="#BFFFBF"
             type="rectangle" x="820" y="886" width="46" height="17"/>
    </entry>
    <relation entry1="232" entry2="238" type="ECrel">
        <subtype name="compound" value="243"/>
    </relation>
    <relation entry1="230" entry2="238" type="ECrel">
        <subtype name="compound" value="242"/>
    </relation>
    <relation entry1="230" entry2="238" type="ECrel">
        <subtype name="compound" value="243"/>
    </relation>
    <relation entry1="230" entry2="232" type="ECrel">
        <subtype name="compound" value="243"/>
    </relation>
    <relation entry1="231" entry2="238" type="ECrel">
        <subtype name="compound" value="242"/>
    </relation>
    <relation entry1="230" entry2="231" type="ECrel">
        <subtype name="compound" value="242"/>
    </relation>
    <relation entry1="230" entry2="237" type="ECrel">
        <subtype name="compound" value="219"/>
    </relation>
    <relation entry1="104" entry2="116" type="ECrel">
        <subtype name="compound" value="118"/>
    </relation>
    <relation entry1="104" entry2="115" type="ECrel">
        <subtype name="compound" value="118"/>
    </relation>
    <relation entry1="115" entry2="116" type="ECrel">
        <subtype name="compound" value="118"/>
    </relation>
    <relation entry1="104" entry2="106" type="ECrel">
        <subtype name="compound" value="117"/>
    </relation>
    <relation entry1="42" entry2="93" type="ECrel">
        <subtype name="compound" value="120"/>
    </relation>
    <relation entry1="42" entry2="81" type="ECrel">
        <subtype name="compound" value="96"/>
    </relation>
    <relation entry1="42" entry2="81" type="ECrel">
        <subtype name="compound" value="120"/>
    </relation>
    <relation entry1="81" entry2="93" type="ECrel">
        <subtype name="compound" value="120"/>
    </relation>
    <relation entry1="42" entry2="79" type="ECrel">
        <subtype name="compound" value="96"/>
    </relation>
    <relation entry1="79" entry2="81" type="ECrel">
        <subtype name="compound" value="96"/>
    </relation>
    <relation entry1="164" entry2="177" type="ECrel">
        <subtype name="compound" value="172"/>
    </relation>
    <relation entry1="164" entry2="176" type="ECrel">
        <subtype name="compound" value="171"/>
    </relation>
    <relation entry1="162" entry2="177" type="ECrel">
        <subtype name="compound" value="169"/>
    </relation>
    <relation entry1="175" entry2="177" type="ECrel">
        <subtype name="compound" value="169"/>
    </relation>
    <relation entry1="162" entry2="175" type="ECrel">
        <subtype name="compound" value="169"/>
    </relation>
    <relation entry1="39" entry2="80" type="ECrel">
        <subtype name="compound" value="66"/>
    </relation>
    <relation entry1="80" entry2="92" type="ECrel">
        <subtype name="compound" value="62"/>
    </relation>
    <relation entry1="41" entry2="78" type="ECrel">
        <subtype name="compound" value="306"/>
    </relation>
    <relation entry1="76" entry2="77" type="ECrel">
        <subtype name="compound" value="53"/>
    </relation>
    <relation entry1="38" entry2="76" type="ECrel">
        <subtype name="compound" value="55"/>
    </relation>
    <relation entry1="38" entry2="77" type="ECrel">
        <subtype name="compound" value="54"/>
    </relation>
    <relation entry1="38" entry2="75" type="ECrel">
        <subtype name="compound" value="54"/>
    </relation>
    <relation entry1="75" entry2="77" type="ECrel">
        <subtype name="compound" value="54"/>
    </relation>
    <relation entry1="72" entry2="74" type="ECrel">
        <subtype name="compound" value="50"/>
    </relation>
    <relation entry1="73" entry2="74" type="ECrel">
        <subtype name="compound" value="51"/>
    </relation>
    <relation entry1="280" entry2="296" type="ECrel">
        <subtype name="compound" value="249"/>
    </relation>
    <relation entry1="264" entry2="296" type="ECrel">
        <subtype name="compound" value="249"/>
    </relation>
    <relation entry1="281" entry2="296" type="ECrel">
        <subtype name="compound" value="249"/>
    </relation>
    <relation entry1="281" entry2="291" type="ECrel">
        <subtype name="compound" value="265"/>
    </relation>
    <relation entry1="264" entry2="291" type="ECrel">
        <subtype name="compound" value="265"/>
    </relation>
    <relation entry1="280" entry2="291" type="ECrel">
        <subtype name="compound" value="265"/>
    </relation>
    <relation entry1="183" entry2="186" type="ECrel">
        <subtype name="compound" value="191"/>
    </relation>
    <relation entry1="186" entry2="203" type="ECrel">
        <subtype name="compound" value="192"/>
    </relation>
    <relation entry1="202" entry2="199" type="ECrel">
        <subtype name="compound" value="184"/>
    </relation>
    <relation entry1="154" entry2="126" type="ECrel">
        <subtype name="compound" value="143"/>
    </relation>
    <relation entry1="154" entry2="144" type="ECrel">
        <subtype name="compound" value="143"/>
    </relation>
    <relation entry1="126" entry2="144" type="ECrel">
        <subtype name="compound" value="143"/>
    </relation>
    <relation entry1="314" entry2="296" type="ECrel">
        <subtype name="compound" value="249"/>
    </relation>
    <relation entry1="314" entry2="280" type="ECrel">
        <subtype name="compound" value="249"/>
    </relation>
    <relation entry1="314" entry2="264" type="ECrel">
        <subtype name="compound" value="249"/>
    </relation>
    <relation entry1="314" entry2="281" type="ECrel">
        <subtype name="compound" value="249"/>
    </relation>
    <relation entry1="322" entry2="177" type="ECrel">
        <subtype name="compound" value="173"/>
    </relation>
    <relation entry1="164" entry2="177" type="ECrel">
        <subtype name="compound" value="173"/>
    </relation>
    <relation entry1="322" entry2="177" type="ECrel">
        <subtype name="compound" value="172"/>
    </relation>
    <relation entry1="322" entry2="176" type="ECrel">
        <subtype name="compound" value="171"/>
    </relation>
    <relation entry1="322" entry2="177" type="ECrel">
        <subtype name="compound" value="171"/>
    </relation>
    <relation entry1="164" entry2="177" type="ECrel">
        <subtype name="compound" value="171"/>
    </relation>
    <relation entry1="176" entry2="177" type="ECrel">
        <subtype name="compound" value="171"/>
    </relation>
    <relation entry1="177" entry2="326" type="ECrel">
        <subtype name="compound" value="169"/>
    </relation>
    <relation entry1="175" entry2="326" type="ECrel">
        <subtype name="compound" value="169"/>
    </relation>
    <relation entry1="330" entry2="232" type="ECrel">
        <subtype name="compound" value="243"/>
    </relation>
    <relation entry1="330" entry2="230" type="ECrel">
        <subtype name="compound" value="243"/>
    </relation>
    <relation entry1="330" entry2="230" type="ECrel">
        <subtype name="compound" value="242"/>
    </relation>
    <relation entry1="330" entry2="231" type="ECrel">
        <subtype name="compound" value="242"/>
    </relation>
    <relation entry1="331" entry2="41" type="ECrel">
        <subtype name="compound" value="306"/>
    </relation>
    <relation entry1="331" entry2="78" type="ECrel">
        <subtype name="compound" value="306"/>
    </relation>
    <relation entry1="307" entry2="332" type="ECrel">
        <subtype name="compound" value="306"/>
    </relation>
    <relation entry1="307" entry2="78" type="ECrel">
        <subtype name="compound" value="306"/>
    </relation>
    <relation entry1="332" entry2="78" type="ECrel">
        <subtype name="compound" value="306"/>
    </relation>
    <relation entry1="301" entry2="82" type="ECrel">
        <subtype name="compound" value="67"/>
    </relation>
    <relation entry1="90" entry2="302" type="ECrel">
        <subtype name="compound" value="304"/>
    </relation>
    <relation entry1="333" entry2="115" type="ECrel">
        <subtype name="compound" value="118"/>
    </relation>
    <relation entry1="333" entry2="106" type="ECrel">
        <subtype name="compound" value="117"/>
    </relation>
    <relation entry1="333" entry2="116" type="ECrel">
        <subtype name="compound" value="118"/>
    </relation>
    <reaction id="38" name="rn:R07107" type="irreversible">
        <substrate id="54" name="cpd:C07490"/>
        <product id="55" name="cpd:C11150"/>
    </reaction>
    <reaction id="162" name="rn:R07085" type="irreversible">
        <substrate id="169" name="cpd:C14852"/>
        <product id="165" name="cpd:C14853"/>
    </reaction>
    <reaction id="163" name="rn:R07087" type="irreversible">
        <substrate id="174" name="cpd:C14556"/>
        <product id="166" name="cpd:C14854"/>
    </reaction>
    <reaction id="39" name="rn:R07089" type="irreversible">
        <substrate id="2" name="cpd:C14039"/>
        <product id="66" name="cpd:C14857"/>
    </reaction>
    <reaction id="40" name="rn:R07075" type="irreversible">
        <substrate id="88" name="cpd:C14453"/>
        <product id="83" name="cpd:C14845"/>
    </reaction>
    <reaction id="41" name="rn:R07099" type="reversible">
        <substrate id="306" name="cpd:C06790"/>
        <product id="58" name="cpd:C14866"/>
    </reaction>
    <reaction id="72" name="rn:R07116" type="irreversible">
        <substrate id="50" name="cpd:C14870"/>
        <product id="49" name="cpd:C14871"/>
    </reaction>
    <reaction id="73" name="rn:R07113" type="irreversible">
        <substrate id="51" name="cpd:C11088"/>
        <product id="46" name="cpd:C14874"/>
    </reaction>
    <reaction id="74" name="rn:R07112" type="irreversible">
        <substrate id="51" name="cpd:C11088"/>
        <product id="50" name="cpd:C14870"/>
    </reaction>
    <reaction id="75" name="rn:R07106" type="reversible">
        <substrate id="54" name="cpd:C07490"/>
        <product id="52" name="cpd:C14869"/>
    </reaction>
    <reaction id="76" name="rn:R07104" type="irreversible">
        <substrate id="53" name="cpd:C06899"/>
        <product id="55" name="cpd:C11150"/>
    </reaction>
    <reaction id="77" name="rn:R07105" type="irreversible">
        <substrate id="53" name="cpd:C06899"/>
        <product id="54" name="cpd:C07490"/>
    </reaction>
    <reaction id="78" name="rn:R07100" type="irreversible">
        <substrate id="306" name="cpd:C06790"/>
        <product id="59" name="cpd:C14868"/>
    </reaction>
    <reaction id="79" name="rn:R07070" type="irreversible">
        <substrate id="96" name="cpd:C14840"/>
        <product id="86" name="cpd:C14848"/>
    </reaction>
    <reaction id="80" name="rn:R07092" type="irreversible">
        <substrate id="66" name="cpd:C14857"/>
        <product id="62" name="cpd:C14865"/>
    </reaction>
    <reaction id="175" name="rn:R07084" type="irreversible">
        <substrate id="169" name="cpd:C14852"/>
        <product id="167" name="cpd:C14856"/>
    </reaction>
    <reaction id="176" name="rn:R07083" type="irreversible">
        <substrate id="171" name="cpd:C14851"/>
        <product id="168" name="cpd:C14855"/>
    </reaction>
    <reaction id="177" name="rn:R07082" type="irreversible">
        <substrate id="172" name="cpd:C14850"/>
        <product id="169" name="cpd:C14852"/>
    </reaction>
    <reaction id="82" name="rn:R07091" type="irreversible">
        <substrate id="67" name="cpd:C14858"/>
        <product id="63" name="cpd:C14861"/>
    </reaction>
    <reaction id="90" name="rn:R07093" type="irreversible">
        <substrate id="304" name="cpd:C14859"/>
        <product id="64" name="cpd:C14864"/>
    </reaction>
    <reaction id="232" name="rn:R07002" type="irreversible">
        <substrate id="243" name="cpd:C14786"/>
        <product id="233" name="cpd:C14791"/>
    </reaction>
    <reaction id="92" name="rn:R07094" type="irreversible">
        <substrate id="62" name="cpd:C14865"/>
        <product id="60" name="cpd:C14863"/>
    </reaction>
    <reaction id="93" name="rn:R07069" type="irreversible">
        <substrate id="120" name="cpd:C14839"/>
        <product id="84" name="cpd:C14847"/>
    </reaction>
    <reaction id="237" name="rn:R07015" type="irreversible">
        <substrate id="219" name="cpd:C06205"/>
        <product id="222" name="cpd:C03012"/>
    </reaction>
    <reaction id="115" name="rn:R07027" type="irreversible">
        <substrate id="118" name="cpd:C14800"/>
        <product id="112" name="cpd:C14801"/>
    </reaction>
    <reaction id="296" name="rn:R09423" type="irreversible">
        <substrate id="249" name="cpd:C16453"/>
        <product id="251" name="cpd:C19566"/>
    </reaction>
    <reaction id="199" name="rn:R09443" type="irreversible">
        <substrate id="184" name="cpd:C19604"/>
        <product id="200" name="cpd:C19607"/>
    </reaction>
    <reaction id="144" name="rn:R09409" type="irreversible">
        <substrate id="143" name="cpd:C19586"/>
        <product id="145" name="cpd:C11278"/>
    </reaction>
    <reaction id="131" name="rn:R09407" type="irreversible">
        <substrate id="299" name="cpd:C06800"/>
        <product id="142" name="cpd:C19595"/>
    </reaction>
    <reaction id="281" name="rn:R09420" type="irreversible">
        <substrate id="249" name="cpd:C16453"/>
        <product id="265" name="cpd:C19574"/>
    </reaction>
    <reaction id="280" name="rn:R09420" type="irreversible">
        <substrate id="249" name="cpd:C16453"/>
        <product id="265" name="cpd:C19574"/>
    </reaction>
    <reaction id="264" name="rn:R09420" type="irreversible">
        <substrate id="249" name="cpd:C16453"/>
        <product id="265" name="cpd:C19574"/>
    </reaction>
    <reaction id="126" name="rn:R09410" type="irreversible">
        <substrate id="143" name="cpd:C19586"/>
        <product id="127" name="cpd:C19588"/>
    </reaction>
    <reaction id="124" name="rn:R09405" type="irreversible">
        <substrate id="299" name="cpd:C06800"/>
        <product id="140" name="cpd:C16756"/>
    </reaction>
    <reaction id="189" name="rn:R09444" type="irreversible">
        <substrate id="190" name="cpd:C19561"/>
        <product id="194" name="cpd:C19562"/>
    </reaction>
    <reaction id="186" name="rn:R09417" type="irreversible">
        <substrate id="191" name="cpd:C19489"/>
        <product id="192" name="cpd:C19490"/>
    </reaction>
    <reaction id="183" name="rn:R09416" type="irreversible">
        <substrate id="195" name="cpd:C19488"/>
        <product id="191" name="cpd:C19489"/>
    </reaction>
    <reaction id="202" name="rn:R09442" type="irreversible">
        <substrate id="195" name="cpd:C19488"/>
        <product id="184" name="cpd:C19604"/>
    </reaction>
    <reaction id="203" name="rn:R09418" type="irreversible">
        <substrate id="192" name="cpd:C19490"/>
        <product id="193" name="cpd:C19559"/>
    </reaction>
    <reaction id="154" name="rn:R09408" type="irreversible">
        <substrate id="299" name="cpd:C06800"/>
        <product id="143" name="cpd:C19586"/>
    </reaction>
    <reaction id="301" name="rn:R07088" type="irreversible">
        <substrate id="2" name="cpd:C14039"/>
        <product id="67" name="cpd:C14858"/>
    </reaction>
    <reaction id="302" name="rn:R07090" type="irreversible">
        <substrate id="2" name="cpd:C14039"/>
        <product id="304" name="cpd:C14859"/>
    </reaction>
    <reaction id="307" name="rn:R07098" type="irreversible">
        <substrate id="306" name="cpd:C06790"/>
        <product id="119" name="cpd:C11148"/>
    </reaction>
    <reaction id="314" name="rn:R09421" type="irreversible">
        <substrate id="249" name="cpd:C16453"/>
        <product id="255" name="cpd:C19563"/>
    </reaction>
    <reaction id="322" name="rn:R07079 rn:R07080 rn:R07081" type="irreversible">
        <substrate id="170" name="cpd:C07535"/>
        <product id="171" name="cpd:C14851"/>
        <product id="173" name="cpd:C14849"/>
        <product id="172" name="cpd:C14850"/>
    </reaction>
    <reaction id="326" name="rn:R07085" type="irreversible">
        <substrate id="169" name="cpd:C14852"/>
        <product id="165" name="cpd:C14853"/>
    </reaction>
    <reaction id="328" name="rn:R07087" type="irreversible">
        <substrate id="174" name="cpd:C14556"/>
        <product id="166" name="cpd:C14854"/>
    </reaction>
    <reaction id="330" name="rn:R07000 rn:R07001" type="irreversible">
        <substrate id="228" name="cpd:C00829"/>
        <product id="242" name="cpd:C14787"/>
        <product id="243" name="cpd:C14786"/>
    </reaction>
    <reaction id="331" name="rn:R07098" type="irreversible">
        <substrate id="306" name="cpd:C06790"/>
        <product id="119" name="cpd:C11148"/>
    </reaction>
    <reaction id="332" name="rn:R07099" type="irreversible">
        <substrate id="306" name="cpd:C06790"/>
        <product id="58" name="cpd:C14866"/>
    </reaction>
    <reaction id="333" name="rn:R07022 rn:R07021" type="irreversible">
        <substrate id="105" name="cpd:C14040"/>
        <product id="118" name="cpd:C14800"/>
        <product id="117" name="cpd:C14802"/>
    </reaction>
</pathway>
